2026-02-02 21:54:07,799 - configstream.converters.singbox - WARNING - [-] - [singbox.py:121] - Dropping VLESS proxy missing UUID: example.com:443. Source: unknown
2026-02-02 21:54:07,806 - configstream.adaptive_workers - INFO - [-] - [adaptive_workers.py:53] - Auto-calculated optimal workers: 60
2026-02-02 21:54:07,810 - configstream.adaptive_workers - INFO - [-] - [adaptive_workers.py:53] - Auto-calculated optimal workers: 26
2026-02-02 21:54:07,813 - configstream.adaptive_workers - INFO - [-] - [adaptive_workers.py:53] - Auto-calculated optimal workers: 200
2026-02-02 21:54:07,815 - configstream.adaptive_workers - WARNING - [-] - [adaptive_workers.py:57] - Failed to calculate optimal workers: Error
2026-02-02 21:54:07,828 - configstream.security.blocklist - INFO - [-] - [blocklist.py:134] - Loaded 2 blocked networks from FireHol Level 1.
2026-02-02 21:54:07,904 - configstream.converters.singbox - WARNING - [-] - [singbox.py:466] - Dropped unknown proxy 1.1.1.1 during conversion. Reason: Logic fell through (Missing implementation or valid fields). Details: {}
2026-02-02 21:54:07,951 - configstream.intelligence.washer.core - INFO - [-] - [core.py:124] - Loaded 2 WARP keys for washing
2026-02-02 21:54:07,962 - configstream.workers.scanner - WARNING - [-] - [scanner.py:50] - WarpScannerWorker: Go binary not found. Active scanning will be disabled.
2026-02-02 21:54:07,965 - configstream.intelligence.washer.core - INFO - [-] - [core.py:124] - Loaded 2 WARP keys for washing
2026-02-02 21:54:07,974 - configstream.workers.scanner - WARNING - [-] - [scanner.py:50] - WarpScannerWorker: Go binary not found. Active scanning will be disabled.
2026-02-02 21:54:07,983 - configstream.intelligence.washer.core - INFO - [-] - [core.py:124] - Loaded 2 WARP keys for washing
2026-02-02 21:54:07,992 - configstream.workers.scanner - WARNING - [-] - [scanner.py:50] - WarpScannerWorker: Go binary not found. Active scanning will be disabled.
2026-02-02 21:54:08,000 - configstream.intelligence.washer.core - INFO - [-] - [core.py:124] - Loaded 2 WARP keys for washing
2026-02-02 21:54:08,009 - configstream.workers.scanner - WARNING - [-] - [scanner.py:50] - WarpScannerWorker: Go binary not found. Active scanning will be disabled.
2026-02-02 21:54:08,062 - configstream.history.storage - ERROR - [-] - [storage.py:32] - History file too large: 105906176 bytes (max: 104857600)
2026-02-02 21:54:08,066 - configstream.history.storage - WARNING - [-] - [storage.py:41] - Failed to load proxy history: unexpected character: line 1 column 1 (char 0)
2026-02-02 21:54:08,071 - configstream.history.storage - ERROR - [-] - [storage.py:51] - Failed to save proxy history: Fail
2026-02-02 21:54:08,080 - configstream.history.export - INFO - [-] - [export.py:58] - Exported history visualization data to /tmp/pytest-of-jules/pytest-0/test_export_visualization0/viz.json
2026-02-02 21:54:08,085 - configstream.history.export - INFO - [-] - [export.py:73] - Generating active proxy trend data...
2026-02-02 21:54:08,087 - configstream.history.export - INFO - [-] - [export.py:130] - Exported active proxy trend data to /tmp/pytest-of-jules/pytest-0/test_export_active_trend0/trend.json
2026-02-02 21:54:08,091 - configstream.history.export - INFO - [-] - [export.py:73] - Generating active proxy trend data...
2026-02-02 21:54:08,092 - configstream.history.export - WARNING - [-] - [export.py:107] - No working proxy data found for trend analysis.
2026-02-02 21:54:08,108 - configstream.intelligence.chaining - INFO - [-] - [chaining.py:804] - Enhanced smart chains generated: 7 chains across 9 categories. intranet=1, intranet_washed=0, ipv6=0, streamer=1, censorship_resistant=1, low_latency=0, high_anonymity=0, load_balanced=3
2026-02-02 21:54:08,116 - configstream.intelligence.vectors - INFO - [-] - [vectors.py:101] - Generated static vectors for 1 proxies
2026-02-02 21:54:08,120 - configstream.intelligence.vectors - ERROR - [-] - [vectors.py:103] - Failed to generate vectors: Fail
2026-02-02 21:54:08,163 - configstream.pipeline_core.consumer - INFO - [-] - [consumer.py:514] - Source Summary [test-source]: Raw=1 Parsed=1 Tested=1 Working=1 Fetch=0ms Dur=12ms
2026-02-02 21:54:08,170 - configstream.pipeline_core.sorter - WARNING - [-] - [sorter.py:59] - No proxies to sort
2026-02-02 21:54:08,173 - configstream.pipeline_core.sorter - INFO - [-] - [sorter.py:54] - Sorted 1 proxies using Pareto scoring (latency: avg=100.0ms, min=100.0ms, max=100.0ms)
2026-02-02 21:54:08,176 - configstream.pipeline_core.sorter - INFO - [-] - [sorter.py:54] - Sorted 2 proxies using Pareto scoring (latency: avg=275.0ms, min=50.0ms, max=500.0ms)
2026-02-02 21:54:08,179 - configstream.pipeline_core.sorter - INFO - [-] - [sorter.py:54] - Sorted 2 proxies using Pareto scoring (latency: avg=100.0ms, min=100.0ms, max=100.0ms)
2026-02-02 21:54:08,181 - configstream.pipeline_core.sorter - INFO - [-] - [sorter.py:54] - Sorted 3 proxies using Pareto scoring (latency: avg=2500.0ms, min=500.0ms, max=5000.0ms)
2026-02-02 21:54:08,186 - configstream.pipeline_core.sorter - INFO - [-] - [sorter.py:54] - Sorted 2 proxies using Pareto scoring (latency: avg=100.0ms, min=100.0ms, max=100.0ms)
2026-02-02 21:54:08,189 - configstream.pipeline_core.sorter - INFO - [-] - [sorter.py:54] - Sorted 2 proxies using Pareto scoring (latency: avg=100.0ms, min=100.0ms, max=100.0ms)
2026-02-02 21:54:08,192 - configstream.pipeline_core.sorter - INFO - [-] - [sorter.py:54] - Sorted 2 proxies using Pareto scoring (latency: avg=100.0ms, min=100.0ms, max=100.0ms)
2026-02-02 21:54:08,195 - configstream.pipeline_core.sorter - INFO - [-] - [sorter.py:54] - Sorted 3 proxies using Pareto scoring (latency: avg=383.3ms, min=50.0ms, max=900.0ms)
2026-02-02 21:54:08,198 - configstream.pipeline_core.sorter - INFO - [-] - [sorter.py:54] - Sorted 5 proxies using Pareto scoring (latency: avg=100.0ms, min=100.0ms, max=100.0ms)
2026-02-02 21:54:08,201 - configstream.pipeline_core.sorter - INFO - [-] - [sorter.py:54] - Sorted 2 proxies using Pareto scoring (latency: avg=100.0ms, min=100.0ms, max=100.0ms)
2026-02-02 21:54:08,203 - configstream.pipeline_core.sorter - INFO - [-] - [sorter.py:54] - Sorted 2 proxies using Pareto scoring (latency: avg=5000.5ms, min=1.0ms, max=10000.0ms)
2026-02-02 21:54:08,206 - configstream.pipeline_core.sorter - INFO - [-] - [sorter.py:54] - Sorted 2 proxies using Pareto scoring (latency: avg=150.0ms, min=100.0ms, max=200.0ms)
2026-02-02 21:54:08,212 - configstream.pipeline_core.sorter - INFO - [-] - [sorter.py:54] - Sorted 100 proxies using Pareto scoring (latency: avg=505.0ms, min=10.0ms, max=1000.0ms)
2026-02-02 21:54:08,216 - configstream.pipeline_core.sorter - INFO - [-] - [sorter.py:54] - Sorted 2 proxies using Pareto scoring (latency: avg=100.0ms, min=100.0ms, max=100.0ms)
2026-02-02 21:54:08,218 - configstream.pipeline_core.sorter - INFO - [-] - [sorter.py:54] - Sorted 1 proxies using Pareto scoring (latency: avg=500.0ms, min=500.0ms, max=500.0ms)
2026-02-02 21:54:08,273 - configstream.quality.storage - INFO - [-] - [storage.py:435] - Merged source stats from /tmp/pytest-of-jules/pytest-0/test_storage_merge0/q2.db
2026-02-02 21:54:08,286 - configstream.quality.storage - ERROR - [-] - [storage.py:120] - Unexpected error initializing source quality DB: DB Error
Traceback (most recent call last):
  File "/app/src/configstream/quality/storage.py", line 43, in _init_db
    conn = self._get_conn()
           ^^^^^^^^^^^^^^^^
  File "/app/src/configstream/quality/storage.py", line 34, in _get_conn
    conn = sqlite3.connect(self.db_path, check_same_thread=False, timeout=20)
           ^^^^^^^^^^^^^^^^^^^^^^^^^^^^^^^^^^^^^^^^^^^^^^^^^^^^^^^^^^^^^^^^^^
  File "/home/jules/.pyenv/versions/3.12.12/lib/python3.12/unittest/mock.py", line 1139, in __call__
    return self._mock_call(*args, **kwargs)
           ^^^^^^^^^^^^^^^^^^^^^^^^^^^^^^^^
  File "/home/jules/.pyenv/versions/3.12.12/lib/python3.12/unittest/mock.py", line 1143, in _mock_call
    return self._execute_mock_call(*args, **kwargs)
           ^^^^^^^^^^^^^^^^^^^^^^^^^^^^^^^^^^^^^^^^
  File "/home/jules/.pyenv/versions/3.12.12/lib/python3.12/unittest/mock.py", line 1198, in _execute_mock_call
    raise effect
Exception: DB Error
2026-02-02 21:54:08,293 - configstream.quality.storage - ERROR - [-] - [storage.py:277] - Failed to update stats for url: DB Error
2026-02-02 21:54:08,293 - configstream.quality.storage - ERROR - [-] - [storage.py:173] - Unexpected error getting source state for url: DB Error
Traceback (most recent call last):
  File "/app/src/configstream/quality/storage.py", line 157, in get_source_state
    conn = self._get_conn()
           ^^^^^^^^^^^^^^^^
  File "/app/src/configstream/quality/storage.py", line 34, in _get_conn
    conn = sqlite3.connect(self.db_path, check_same_thread=False, timeout=20)
           ^^^^^^^^^^^^^^^^^^^^^^^^^^^^^^^^^^^^^^^^^^^^^^^^^^^^^^^^^^^^^^^^^^
  File "/home/jules/.pyenv/versions/3.12.12/lib/python3.12/unittest/mock.py", line 1139, in __call__
    return self._mock_call(*args, **kwargs)
           ^^^^^^^^^^^^^^^^^^^^^^^^^^^^^^^^
  File "/home/jules/.pyenv/versions/3.12.12/lib/python3.12/unittest/mock.py", line 1143, in _mock_call
    return self._execute_mock_call(*args, **kwargs)
           ^^^^^^^^^^^^^^^^^^^^^^^^^^^^^^^^^^^^^^^^
  File "/home/jules/.pyenv/versions/3.12.12/lib/python3.12/unittest/mock.py", line 1198, in _execute_mock_call
    raise effect
  File "/app/src/configstream/quality/storage.py", line 182, in get_trust_score
    conn = self._get_conn()
           ^^^^^^^^^^^^^^^^
  File "/app/src/configstream/quality/storage.py", line 34, in _get_conn
    conn = sqlite3.connect(self.db_path, check_same_thread=False, timeout=20)
           ^^^^^^^^^^^^^^^^^^^^^^^^^^^^^^^^^^^^^^^^^^^^^^^^^^^^^^^^^^^^^^^^^^
  File "/home/jules/.pyenv/versions/3.12.12/lib/python3.12/unittest/mock.py", line 1139, in __call__
    return self._mock_call(*args, **kwargs)
           ^^^^^^^^^^^^^^^^^^^^^^^^^^^^^^^^
  File "/home/jules/.pyenv/versions/3.12.12/lib/python3.12/unittest/mock.py", line 1143, in _mock_call
    return self._execute_mock_call(*args, **kwargs)
           ^^^^^^^^^^^^^^^^^^^^^^^^^^^^^^^^^^^^^^^^
  File "/home/jules/.pyenv/versions/3.12.12/lib/python3.12/unittest/mock.py", line 1198, in _execute_mock_call
    raise effect
  File "/app/src/configstream/quality/storage.py", line 217, in upsert_stats
    conn = self._get_conn()
           ^^^^^^^^^^^^^^^^
  File "/app/src/configstream/quality/storage.py", line 34, in _get_conn
    conn = sqlite3.connect(self.db_path, check_same_thread=False, timeout=20)
           ^^^^^^^^^^^^^^^^^^^^^^^^^^^^^^^^^^^^^^^^^^^^^^^^^^^^^^^^^^^^^^^^^^
  File "/home/jules/.pyenv/versions/3.12.12/lib/python3.12/unittest/mock.py", line 1139, in __call__
    return self._mock_call(*args, **kwargs)
           ^^^^^^^^^^^^^^^^^^^^^^^^^^^^^^^^
  File "/home/jules/.pyenv/versions/3.12.12/lib/python3.12/unittest/mock.py", line 1143, in _mock_call
    return self._execute_mock_call(*args, **kwargs)
           ^^^^^^^^^^^^^^^^^^^^^^^^^^^^^^^^^^^^^^^^
  File "/home/jules/.pyenv/versions/3.12.12/lib/python3.12/unittest/mock.py", line 1198, in _execute_mock_call
    raise effect
  File "/app/src/configstream/quality/storage.py", line 43, in _init_db
    conn = self._get_conn()
           ^^^^^^^^^^^^^^^^
  File "/app/src/configstream/quality/storage.py", line 34, in _get_conn
    conn = sqlite3.connect(self.db_path, check_same_thread=False, timeout=20)
           ^^^^^^^^^^^^^^^^^^^^^^^^^^^^^^^^^^^^^^^^^^^^^^^^^^^^^^^^^^^^^^^^^^
  File "/home/jules/.pyenv/versions/3.12.12/lib/python3.12/unittest/mock.py", line 1139, in __call__
    return self._mock_call(*args, **kwargs)
           ^^^^^^^^^^^^^^^^^^^^^^^^^^^^^^^^
  File "/home/jules/.pyenv/versions/3.12.12/lib/python3.12/unittest/mock.py", line 1143, in _mock_call
    return self._execute_mock_call(*args, **kwargs)
           ^^^^^^^^^^^^^^^^^^^^^^^^^^^^^^^^^^^^^^^^
  File "/home/jules/.pyenv/versions/3.12.12/lib/python3.12/unittest/mock.py", line 1198, in _execute_mock_call
    raise effect
Exception: DB Error
2026-02-02 21:54:08,303 - configstream.security.rules - WARNING - [-] - [rules.py:97] - Suspicious address pattern found: suspicious.com
2026-02-02 21:54:08,304 - configstream.security.rules - WARNING - [-] - [rules.py:97] - Suspicious address pattern found: sub.suspicious.com
2026-02-02 21:54:08,305 - configstream.security.rules - WARNING - [-] - [rules.py:123] - Non-standard IP notation (possible DNS rebinding): 0x7f000001
2026-02-02 21:54:08,306 - configstream.security.rules - WARNING - [-] - [rules.py:135] - Non-standard IP notation (possible DNS rebinding): 0127.0.0.1
2026-02-02 21:54:08,307 - configstream.security.rules - WARNING - [-] - [rules.py:87] - Private IP detected: 127.0.0.1
2026-02-02 21:54:08,308 - configstream.security.rules - WARNING - [-] - [rules.py:87] - Private IP detected: 192.168.1.1
2026-02-02 21:54:08,308 - configstream.security.rules - WARNING - [-] - [rules.py:87] - Private IP detected: 10.0.0.1
2026-02-02 21:54:08,309 - configstream.security.rules - WARNING - [-] - [rules.py:202] - Special or private address detected: localhost
2026-02-02 21:54:08,310 - configstream.security.rules - WARNING - [-] - [rules.py:87] - Private IP detected: 172.16.0.1
2026-02-02 21:54:08,312 - configstream.security.rules - WARNING - [-] - [rules.py:214] - Unknown protocol detected: unknown
2026-02-02 21:54:08,314 - configstream.security.rules - ERROR - [-] - [rules.py:229] - Null byte detected in config
2026-02-02 21:54:08,314 - configstream.security.rules - WARNING - [-] - [rules.py:237] - Config too long: 10001 chars
2026-02-02 21:54:08,319 - configstream.security.utls_wrapper - INFO - [-] - [utls_wrapper.py:66] - Building uTLS client...
2026-02-02 21:54:08,322 - configstream.security.utls_wrapper - WARNING - [-] - [utls_wrapper.py:54] - Go not found. Cannot build uTLS client.
2026-02-02 21:54:08,333 - configstream.security.virus_total - WARNING - [-] - [virus_total.py:34] - VirusTotal scan skipped: api key not found
2026-02-02 21:54:12,348 - configstream.security.virus_total - ERROR - [-] - [virus_total.py:146] - VirusTotal API error: 429
2026-02-02 21:54:12,357 - configstream.security.virus_total - ERROR - [-] - [virus_total.py:149] - VirusTotal check failed: Network timeout
2026-02-02 21:54:16,335 - configstream.adapters - INFO - [-] - [adapters.py:173] - Loon export summary: 1 proxies, 0 chains
2026-02-02 21:54:16,337 - configstream.adapters - INFO - [-] - [adapters.py:243] - Quantumult X export summary: 1 proxies (Failures: 0)
2026-02-02 21:54:16,338 - configstream.adapters - INFO - [-] - [adapters.py:75] - Surge export summary: 1 proxies, 0 chains (Total Lines: 2, Failures: 0)
2026-02-02 21:54:16,342 - configstream.adapters - INFO - [-] - [adapters.py:75] - Surge export summary: 1 proxies, 0 chains (Total Lines: 2, Failures: 0)
2026-02-02 21:54:16,344 - configstream.adapters - INFO - [-] - [adapters.py:75] - Surge export summary: 1 proxies, 0 chains (Total Lines: 2, Failures: 0)
2026-02-02 21:54:16,346 - configstream.adapters - INFO - [-] - [adapters.py:75] - Surge export summary: 1 proxies, 0 chains (Total Lines: 2, Failures: 0)
2026-02-02 21:54:16,348 - configstream.adapters - INFO - [-] - [adapters.py:75] - Surge export summary: 1 proxies, 0 chains (Total Lines: 2, Failures: 0)
2026-02-02 21:54:16,350 - configstream.adapters - INFO - [-] - [adapters.py:75] - Surge export summary: 1 proxies, 0 chains (Total Lines: 2, Failures: 0)
2026-02-02 21:54:16,353 - configstream.adapters - INFO - [-] - [adapters.py:75] - Surge export summary: 1 proxies, 0 chains (Total Lines: 2, Failures: 0)
2026-02-02 21:54:16,355 - configstream.adapters - INFO - [-] - [adapters.py:75] - Surge export summary: 1 proxies, 0 chains (Total Lines: 2, Failures: 0)
2026-02-02 21:54:16,357 - configstream.adapters - INFO - [-] - [adapters.py:75] - Surge export summary: 0 proxies, 0 chains (Total Lines: 1, Failures: 0)
2026-02-02 21:54:16,359 - configstream.adapters - INFO - [-] - [adapters.py:75] - Surge export summary: 1 proxies, 0 chains (Total Lines: 2, Failures: 0)
2026-02-02 21:54:16,362 - configstream.adapters - INFO - [-] - [adapters.py:75] - Surge export summary: 1 proxies, 1 chains (Total Lines: 3, Failures: 0)
2026-02-02 21:54:16,366 - configstream.adapters - INFO - [-] - [adapters.py:75] - Surge export summary: 0 proxies, 0 chains (Total Lines: 1, Failures: 1)
2026-02-02 21:54:16,368 - configstream.adapters - INFO - [-] - [adapters.py:173] - Loon export summary: 1 proxies, 0 chains
2026-02-02 21:54:16,370 - configstream.adapters - INFO - [-] - [adapters.py:173] - Loon export summary: 1 proxies, 0 chains
2026-02-02 21:54:16,372 - configstream.adapters - INFO - [-] - [adapters.py:173] - Loon export summary: 1 proxies, 0 chains
2026-02-02 21:54:16,374 - configstream.adapters - INFO - [-] - [adapters.py:173] - Loon export summary: 1 proxies, 0 chains
2026-02-02 21:54:16,376 - configstream.adapters - INFO - [-] - [adapters.py:173] - Loon export summary: 0 proxies, 0 chains
2026-02-02 21:54:16,378 - configstream.adapters - INFO - [-] - [adapters.py:243] - Quantumult X export summary: 1 proxies (Failures: 0)
2026-02-02 21:54:16,380 - configstream.adapters - INFO - [-] - [adapters.py:243] - Quantumult X export summary: 1 proxies (Failures: 0)
2026-02-02 21:54:16,382 - configstream.adapters - INFO - [-] - [adapters.py:243] - Quantumult X export summary: 1 proxies (Failures: 0)
2026-02-02 21:54:16,383 - configstream.adapters - INFO - [-] - [adapters.py:617] - SIP008 export summary: 1 Shadowsocks servers
2026-02-02 21:54:16,386 - configstream.adapters - INFO - [-] - [adapters.py:617] - SIP008 export summary: 1 Shadowsocks servers
2026-02-02 21:54:16,388 - configstream.adapters - INFO - [-] - [adapters.py:617] - SIP008 export summary: 0 Shadowsocks servers
2026-02-02 21:54:16,390 - configstream.adapters - INFO - [-] - [adapters.py:617] - SIP008 export summary: 5 Shadowsocks servers
2026-02-02 21:54:16,392 - configstream.adapters - INFO - [-] - [adapters.py:374] - Shadowrocket export summary: 1 links (Reconstructed: 1)
2026-02-02 21:54:16,394 - configstream.adapters - INFO - [-] - [adapters.py:374] - Shadowrocket export summary: 1 links (Reconstructed: 1)
2026-02-02 21:54:16,396 - configstream.adapters - INFO - [-] - [adapters.py:374] - Shadowrocket export summary: 1 links (Reconstructed: 0)
2026-02-02 21:54:16,398 - configstream.adapters - INFO - [-] - [adapters.py:374] - Shadowrocket export summary: 1 links (Reconstructed: 0)
2026-02-02 21:54:16,400 - configstream.adapters - INFO - [-] - [adapters.py:374] - Shadowrocket export summary: 0 links (Reconstructed: 0)
2026-02-02 21:54:16,402 - configstream.adapters - INFO - [-] - [adapters.py:374] - Shadowrocket export summary: 0 links (Reconstructed: 0)
2026-02-02 21:54:16,404 - configstream.adapters - INFO - [-] - [adapters.py:374] - Shadowrocket export summary: 1 links (Reconstructed: 0)
2026-02-02 21:54:16,416 - configstream.adapters - INFO - [-] - [adapters.py:75] - Surge export summary: 0 proxies, 0 chains (Total Lines: 1, Failures: 0)
2026-02-02 21:54:16,417 - configstream.adapters - INFO - [-] - [adapters.py:173] - Loon export summary: 0 proxies, 0 chains
2026-02-02 21:54:16,418 - configstream.adapters - INFO - [-] - [adapters.py:243] - Quantumult X export summary: 0 proxies (Failures: 0)
2026-02-02 21:54:16,418 - configstream.adapters - INFO - [-] - [adapters.py:617] - SIP008 export summary: 0 Shadowsocks servers
2026-02-02 21:54:16,419 - configstream.adapters - INFO - [-] - [adapters.py:374] - Shadowrocket export summary: 0 links (Reconstructed: 0)
2026-02-02 21:54:16,421 - configstream.adapters - INFO - [-] - [adapters.py:75] - Surge export summary: 1 proxies, 0 chains (Total Lines: 2, Failures: 0)
2026-02-02 21:54:16,422 - configstream.adapters - INFO - [-] - [adapters.py:173] - Loon export summary: 0 proxies, 0 chains
2026-02-02 21:54:16,423 - configstream.adapters - INFO - [-] - [adapters.py:243] - Quantumult X export summary: 0 proxies (Failures: 0)
2026-02-02 21:54:16,424 - configstream.adapters - INFO - [-] - [adapters.py:617] - SIP008 export summary: 0 Shadowsocks servers
2026-02-02 21:54:16,424 - configstream.adapters - INFO - [-] - [adapters.py:374] - Shadowrocket export summary: 1 links (Reconstructed: 0)
2026-02-02 21:54:16,427 - configstream.adapters - INFO - [-] - [adapters.py:75] - Surge export summary: 1 proxies, 0 chains (Total Lines: 2, Failures: 0)
2026-02-02 21:54:16,431 - configstream.adapters - INFO - [-] - [adapters.py:75] - Surge export summary: 3 proxies, 0 chains (Total Lines: 4, Failures: 0)
2026-02-02 21:54:16,434 - configstream.adapters - INFO - [-] - [adapters.py:243] - Quantumult X export summary: 3 proxies (Failures: 0)
2026-02-02 21:54:16,436 - configstream.adapters - INFO - [-] - [adapters.py:173] - Loon export summary: 3 proxies, 0 chains
2026-02-02 21:54:16,438 - configstream.adapters - INFO - [-] - [adapters.py:374] - Shadowrocket export summary: 3 links (Reconstructed: 0)
2026-02-02 21:54:16,440 - configstream.adapters - INFO - [-] - [adapters.py:617] - SIP008 export summary: 1 Shadowsocks servers
2026-02-02 21:54:16,442 - configstream.adapters - INFO - [-] - [adapters.py:75] - Surge export summary: 3 proxies, 0 chains (Total Lines: 4, Failures: 0)
2026-02-02 21:54:16,445 - configstream.adapters - INFO - [-] - [adapters.py:75] - Surge export summary: 2 proxies, 0 chains (Total Lines: 3, Failures: 0)
2026-02-02 21:54:16,447 - configstream.adapters - INFO - [-] - [adapters.py:173] - Loon export summary: 2 proxies, 0 chains
2026-02-02 21:54:16,449 - configstream.adapters - INFO - [-] - [adapters.py:243] - Quantumult X export summary: 2 proxies (Failures: 0)
2026-02-02 21:54:16,451 - configstream.adapters - INFO - [-] - [adapters.py:374] - Shadowrocket export summary: 2 links (Reconstructed: 0)
2026-02-02 21:54:16,453 - configstream.adapters - INFO - [-] - [adapters.py:617] - SIP008 export summary: 1 Shadowsocks servers
2026-02-02 21:54:16,458 - configstream.adapters - INFO - [-] - [adapters.py:374] - Shadowrocket export summary: 2 links (Reconstructed: 0)
2026-02-02 21:54:16,545 - configstream.adaptive_timeout - WARNING - [-] - [adaptive_timeout.py:156] - Failed to save timeout history: Fail
2026-02-02 21:54:16,553 - configstream.adaptive_workers - INFO - [-] - [adaptive_workers.py:53] - Auto-calculated optimal workers: 60
2026-02-02 21:54:16,740 - configstream.anomaly - WARNING - [-] - [anomaly.py:227] - Subnet Flood detected: 1.2.3.0/24 accounts for 95/100 proxies.
2026-02-02 21:54:16,760 - configstream.anomaly - INFO - [-] - [anomaly.py:327] - Merged anomaly stats from /tmp/pytest-of-jules/pytest-0/test_merge_from0/other.db
2026-02-02 21:54:16,830 - configstream.anomaly - WARNING - [-] - [anomaly.py:90] - Anomaly DB connection lost (DB Execution Error), reconnecting...
2026-02-02 21:54:16,833 - configstream.anomaly - ERROR - [-] - [anomaly.py:186] - Anomaly DB error for http://test: Reconnection Failed - allowing source (fail-open behaviour)
2026-02-02 21:54:16,863 - configstream.async_file_ops - WARNING - [-] - [async_file_ops.py:57] - Failed to read /tmp/pytest-of-jules/pytest-0/test_read_multiple_files_async0/missing.txt: File not found: /tmp/pytest-of-jules/pytest-0/test_read_multiple_files_async0/missing.txt
2026-02-02 21:54:16,892 - configstream.backup - INFO - [-] - [backup.py:120] - Backed up test.db -> test_20260202_215416.db.gz (0.00 MB)
2026-02-02 21:54:16,893 - configstream.backup - INFO - [-] - [backup.py:141] - Backup complete: 1 databases backed up
2026-02-02 21:54:16,910 - configstream.backup - INFO - [-] - [backup.py:120] - Backed up test.db -> test_20260202_215416.db.gz (0.00 MB)
2026-02-02 21:54:16,911 - configstream.backup - INFO - [-] - [backup.py:141] - Backup complete: 1 databases backed up
2026-02-02 21:54:16,917 - configstream.backup - WARNING - [-] - [backup.py:53] - No database files found in /tmp/pytest-of-jules/pytest-0/test_backup_databases_no_files0/data
2026-02-02 21:54:16,922 - configstream.backup - INFO - [-] - [backup.py:222] - Cleaned up 2 old backup files (smart retention)
2026-02-02 21:54:16,935 - configstream.backup - INFO - [-] - [backup.py:249] - Created pre-restore backup: target.pre_restore_20260202_215416.db
2026-02-02 21:54:16,936 - configstream.backup - INFO - [-] - [backup.py:263] - Restored target.db from backup.db
2026-02-02 21:54:16,941 - configstream.backup - ERROR - [-] - [backup.py:239] - Backup file does not exist: /tmp/pytest-of-jules/pytest-0/test_restore_missing_backup0/backups/missing.db
2026-02-02 21:54:16,972 - configstream.backup - ERROR - [-] - [backup.py:133] - Failed to backup /tmp/pytest-of-jules/pytest-0/test_sqlite_backup_fail0/data/fail.db: Connect Fail
2026-02-02 21:54:16,973 - configstream.backup - INFO - [-] - [backup.py:141] - Backup complete: 0 databases backed up
2026-02-02 21:54:16,992 - configstream.bot_cli - ERROR - [-] - [bot_cli.py:81] - Error generating WARP: Fail
2026-02-02 21:54:18,628 - configstream.dns_batch_resolver - INFO - [-] - [dns_batch_resolver.py:72] - Batch DNS: Resolved 2 of 2 hostnames.
2026-02-02 21:54:18,632 - configstream.dns_batch_resolver - INFO - [-] - [dns_batch_resolver.py:72] - Batch DNS: Resolved 0 of 0 hostnames.
2026-02-02 21:54:18,636 - configstream.dns_batch_resolver - INFO - [-] - [dns_batch_resolver.py:72] - Batch DNS: Resolved 0 of 1 hostnames.
2026-02-02 21:54:21,785 - configstream.fetcher_core.batch - INFO - [-] - [batch.py:51] - Pre-warming DNS for 1 sources...
2026-02-02 21:54:21,849 - configstream.fetcher_core.batch - INFO - [-] - [batch.py:56] - DNS pre-warming completed in 0.06s.
2026-02-02 21:54:21,850 - configstream.fetcher_core.batch - INFO - [-] - [batch.py:79] - Starting parallel fetch for 1 sources (max_concurrent=1)
2026-02-02 21:54:21,902 - configstream.fetcher_core.batch - INFO - [-] - [batch.py:101] - Batch fetch completed in 0.05s
2026-02-02 21:54:21,904 - configstream.fetcher_core.batch - INFO - [-] - [batch.py:111] - Fetch Summary: 1/1 sources successful. Total data fetched: 0.00 KB
2026-02-02 21:54:21,914 - configstream.fetcher_core.batch - INFO - [-] - [batch.py:51] - Pre-warming DNS for 1 sources...
2026-02-02 21:54:21,917 - configstream.fetcher_core.batch - INFO - [-] - [batch.py:56] - DNS pre-warming completed in 0.00s.
2026-02-02 21:54:21,917 - configstream.fetcher_core.batch - INFO - [-] - [batch.py:79] - Starting parallel fetch for 1 sources (max_concurrent=10)
2026-02-02 21:54:21,920 - configstream.fetcher_core.batch - INFO - [-] - [batch.py:101] - Batch fetch completed in 0.00s
2026-02-02 21:54:21,922 - configstream.fetcher_core.batch - INFO - [-] - [batch.py:111] - Fetch Summary: 1/1 sources successful. Total data fetched: 0.00 KB
2026-02-02 21:54:22,774 - configstream.filtering - INFO - [-] - [filtering.py:202] - Endpoint filtering: 3 -> 2 (1 duplicate endpoints removed)
2026-02-02 21:54:22,795 - configstream.filtering - INFO - [-] - [filtering.py:109] - Deduplication: 3 -> 2 (1 duplicates removed)
2026-02-02 21:54:22,804 - configstream.filtering - INFO - [-] - [filtering.py:109] - Deduplication: 2 -> 1 (1 duplicates removed)
2026-02-02 21:54:22,812 - configstream.filtering - INFO - [-] - [filtering.py:202] - Endpoint filtering: 2 -> 1 (1 duplicate endpoints removed)
2026-02-02 21:54:22,830 - configstream.geoip - INFO - [-] - [geoip.py:81] - GeoIP C extension (MMAP_EXT) available - lock-free lookups enabled
2026-02-02 21:54:22,832 - configstream.geoip - INFO - [-] - [geoip.py:101] - Loaded GeoLite2 City database.
2026-02-02 21:54:22,833 - configstream.geoip - ERROR - [-] - [geoip.py:124] - I/O error loading GeoIP databases: [Errno 2] No such file or directory: 'data/GeoLite2-City.mmdb'
2026-02-02 21:54:22,849 - configstream.geoip - INFO - [-] - [geoip.py:81] - GeoIP C extension (MMAP_EXT) available - lock-free lookups enabled
2026-02-02 21:54:22,850 - configstream.geoip - INFO - [-] - [geoip.py:101] - Loaded GeoLite2 City database.
2026-02-02 21:54:22,851 - configstream.geoip - ERROR - [-] - [geoip.py:124] - I/O error loading GeoIP databases: [Errno 2] No such file or directory: 'data/GeoLite2-City.mmdb'
2026-02-02 21:54:22,860 - configstream.geoip - INFO - [-] - [geoip.py:81] - GeoIP C extension (MMAP_EXT) available - lock-free lookups enabled
2026-02-02 21:54:22,861 - configstream.geoip - INFO - [-] - [geoip.py:101] - Loaded GeoLite2 City database.
2026-02-02 21:54:22,862 - configstream.geoip - ERROR - [-] - [geoip.py:124] - I/O error loading GeoIP databases: [Errno 2] No such file or directory: 'data/GeoLite2-City.mmdb'
2026-02-02 21:54:22,902 - configstream.testers.go - INFO - [-] - [go.py:269] - Starting Go Tester Daemon: /bin/true -workers 20 -timeout 10s -urls https://www.google.com/generate_204,https://www.cloudflare.com/cdn-cgi/trace,https://www.gstatic.com/generate_204,http://detectportal.firefox.com/success.txt,https://httpbin.org/status/200,https://www.amazon.com/robots.txt,https://www.microsoft.com/robots.txt,https://www.apple.com/robots.txt
2026-02-02 21:54:22,906 - configstream.testers.go - INFO - [-] - [go.py:298] - Go Tester using Vwarp tunnel at socks5://127.0.0.1:10808
2026-02-02 21:54:22,914 - configstream.testers.go - INFO - [-] - [go.py:651] - Go Tester results (Batch): 2/2 working. Failures: None
2026-02-02 21:54:23,018 - configstream.testers.go - INFO - [-] - [go.py:244] - Go Batch Tester shutdown complete.
2026-02-02 21:54:24,200 - configstream.security.honeypot - WARNING - [-] - [honeypot.py:42] - Passive Intel: Host malicious.ip flagged as malicious by VirusTotal.
2026-02-02 21:54:24,217 - configstream.security.honeypot - WARNING - [-] - [honeypot.py:42] - Passive Intel: Host bad.actor.ip flagged as malicious by VirusTotal.
2026-02-02 21:54:24,220 - configstream.security.honeypot - WARNING - [-] - [honeypot.py:42] - Passive Intel: Host suspicious.ip flagged as malicious by VirusTotal.
2026-02-02 21:54:24,226 - configstream.security.honeypot - ERROR - [-] - [honeypot.py:49] - Honeypot check failed for error.ip: API Error
2026-02-02 21:54:24,230 - configstream.security.honeypot - ERROR - [-] - [honeypot.py:49] - Honeypot check failed for timeout.ip: Request timed out
2026-02-02 21:54:24,233 - configstream.security.honeypot - ERROR - [-] - [honeypot.py:49] - Honeypot check failed for network.error.ip: Network unreachable
2026-02-02 21:54:24,248 - configstream.security.honeypot - ERROR - [-] - [honeypot.py:49] - Honeypot check failed for null.ip: 'NoneType' object has no attribute 'get'
2026-02-02 21:54:24,252 - configstream.security.honeypot - ERROR - [-] - [honeypot.py:49] - Honeypot check failed for string.response.ip: 'str' object has no attribute 'get'
2026-02-02 21:54:24,321 - configstream.adapters - INFO - [-] - [adapters.py:75] - Surge export summary: 1 proxies, 1 chains (Total Lines: 3, Failures: 0)
2026-02-02 21:54:24,325 - configstream.adapters - INFO - [-] - [adapters.py:173] - Loon export summary: 1 proxies, 1 chains
2026-02-02 21:54:24,371 - configstream.intelligent_fallback - INFO - [-] - [intelligent_fallback.py:92] - Successfully saved 150 proxies for fallback use.
2026-02-02 21:54:24,375 - configstream.intelligent_fallback - INFO - [-] - [intelligent_fallback.py:124] - Loaded 1 fallback proxies from 2023-01-01T00:00:00Z
2026-02-02 21:54:24,378 - configstream.intelligent_fallback - WARNING - [-] - [intelligent_fallback.py:104] - No fallback data available
2026-02-02 21:54:24,382 - configstream.intelligent_fallback - ERROR - [-] - [intelligent_fallback.py:130] - Failed to load fallback data: Expecting value: line 1 column 1 (char 0)
2026-02-02 21:54:24,389 - configstream.converters.singbox - WARNING - [-] - [singbox.py:45] - Conversion failed: invalid port 99999 for example.com
2026-02-02 21:54:24,392 - configstream.converters.singbox - DEBUG - [-] - [singbox.py:309] - Generated unique local IP 172.16.44.112/32 for WireGuard proxy (redacted)
2026-02-02 21:54:24,393 - configstream.converters.singbox - DEBUG - [-] - [singbox.py:431] - Successfully converted wireguard proxy (Tag: wireguard--e13a10e3) (Source: unknown)
2026-02-02 22:07:14,233 - configstream.adaptive_workers - INFO - [-] - [adaptive_workers.py:53] - Auto-calculated optimal workers: 60
2026-02-02 22:07:14,246 - configstream.test_cache - INFO - [-] - [test_cache.py:64] - Loaded 1 entries from cache file: data/test_cache.json
2026-02-02 22:07:14,269 - configstream.pipeline - INFO - [-] - [pipeline.py:166] - Initializing security blocklists...
2026-02-02 22:07:14,382 - httpx - INFO - [-] - [_client.py:1740] - HTTP Request: GET https://raw.githubusercontent.[BASE64]-ipsets/master/firehol_level1.netset "HTTP/1.1 200 OK"
2026-02-02 22:07:14,397 - configstream.security.blocklist - INFO - [-] - [blocklist.py:64] - Updated FireHol blocklist successfully.
2026-02-02 22:07:15,649 - configstream.security.blocklist - INFO - [-] - [blocklist.py:134] - Loaded 4493 blocked networks from FireHol Level 1.
2026-02-02 22:07:15,662 - configstream.workers.scanner - WARNING - [-] - [scanner.py:50] - WarpScannerWorker: Go binary not found. Active scanning will be disabled.
2026-02-02 22:07:15,670 - configstream.tools.vwarp - INFO - [-] - [vwarp.py:339] - 🚀 Starting Vwarp SOCKS5 Tunnel on 127.0.0.1:10808...
2026-02-02 22:07:46,758 - configstream.tools.vwarp - ERROR - [-] - [vwarp.py:303] - Vwarp process died with code 1 while waiting for port.
2026-02-02 22:07:46,758 - configstream.tools.vwarp - ERROR - [-] - [vwarp.py:350] - Vwarp Tunnel started but port check timed out.
2026-02-02 22:07:46,759 - configstream.pipeline - WARNING - [-] - [pipeline.py:207] - Vwarp tunnel failed to start or did not pass health check. Disabling Vwarp integration.
2026-02-02 22:07:46,759 - configstream.pipeline - INFO - [-] - [pipeline.py:228] - 🚀 Auto-scaling to 6 consumers based on 4 cores.
2026-02-02 22:07:46,759 - configstream.pipeline - INFO - [-] - [pipeline.py:251] - Starting pipeline with 60 initial workers
2026-02-02 22:07:46,768 - configstream.testers.go - ERROR - [-] - [go.py:88] - CRITICAL: Go batch tester binary not found (searched: configstream-tester, env: None, PATH). No proxies will be tested via the high-performance path!
2026-02-02 22:07:46,769 - configstream.pipeline - WARNING - [-] - [pipeline.py:265] - Go tester unavailable - Falling back to Python tester. Starting global concurrency tuner.
2026-02-02 22:07:46,769 - configstream.pipeline - INFO - [-] - [pipeline.py:271] - Starting pipeline with 6 parallel consumers
2026-02-02 22:07:46,769 - configstream.pipeline - INFO - [-] - [pipeline.py:276] - Batch time limit enabled: 20000s (soft stop with partial output).
2026-02-02 22:07:46,796 - configstream.pipeline_core.producer - ERROR - [-] - [producer.py:149] - ALL 1 remote sources are on cooldown/disabled - no proxies will be fetched!
2026-02-02 22:07:46,797 - configstream.pipeline_core.producer - INFO - [-] - [producer.py:155] - 1 source(s) were skipped due to cooldown/disabled status.
2026-02-02 22:07:46,805 - configstream.pipeline_core.sorter - WARNING - [-] - [sorter.py:59] - No proxies to sort
2026-02-02 22:07:46,806 - configstream.pipeline - INFO - [-] - [pipeline.py:429] - ⚠️ Top 5 Failing Sources:
  - http://127.0.0.1:8080/test_source_content.txt: score=0.0, reason=High Failures
2026-02-02 22:07:46,807 - configstream.pipeline_core.output_handler - INFO - [-] - [output_handler.py:32] - Starting final output generation phase...
2026-02-02 22:07:46,810 - configstream.pipeline_core.output_handler - INFO - [-] - [output_handler.py:40] - Applying proxy tagging with template: {geo} | {stack} | {latency_tag} | {status_tag} | {process_tag} | {issue_tag}
2026-02-02 22:07:46,811 - configstream.tagging - INFO - [-] - [tagging.py:309] - Applying name template '{geo} | {stack} | {latency_tag} | {status_tag} | {process_tag} | {issue_tag}' to 0 proxies...
2026-02-02 22:07:46,811 - configstream.tagging - INFO - [-] - [tagging.py:327] - Tagged 0 proxies with template metadata
2026-02-02 22:07:46,815 - configstream.intelligence.chaining - INFO - [-] - [chaining.py:804] - Enhanced smart chains generated: 0 chains across 9 categories. intranet=0, intranet_washed=0, ipv6=0, streamer=0, censorship_resistant=0, low_latency=0, high_anonymity=0, load_balanced=0
2026-02-02 22:07:46,820 - configstream.pipeline_core.output_handler - INFO - [-] - [output_handler.py:118] - No revived proxies found to export (revived.json will not be created).
2026-02-02 22:07:46,825 - configstream.generators.clash - WARNING - [-] - [clash.py:49] - No valid proxies for Clash config generation
2026-02-02 22:07:46,829 - configstream.adapters - INFO - [-] - [adapters.py:374] - Shadowrocket export summary: 0 links (Reconstructed: 0)
2026-02-02 22:07:46,830 - configstream.adapters - INFO - [-] - [adapters.py:243] - Quantumult X export summary: 0 proxies (Failures: 0)
2026-02-02 22:07:46,833 - configstream.adapters - INFO - [-] - [adapters.py:75] - Surge export summary: 0 proxies, 0 chains (Total Lines: 1, Failures: 0)
2026-02-02 22:07:46,835 - configstream.adapters - INFO - [-] - [adapters.py:173] - Loon export summary: 0 proxies, 0 chains
2026-02-02 22:07:46,838 - configstream.adapters - INFO - [-] - [adapters.py:617] - SIP008 export summary: 0 Shadowsocks servers
2026-02-02 22:07:46,842 - configstream.output_logic - INFO - [-] - [output_logic.py:335] - Generated 11 output files.
2026-02-02 22:07:46,859 - configstream.history.export - INFO - [-] - [export.py:58] - Exported history visualization data to /tmp/pytest-of-jules/pytest-1/test_all_sources_cooldown0/out_cooldown/data/proxy_history_viz.json
2026-02-02 22:07:46,860 - configstream.history.export - INFO - [-] - [export.py:73] - Generating active proxy trend data...
2026-02-02 22:07:46,861 - configstream.history.export - WARNING - [-] - [export.py:107] - No working proxy data found for trend analysis.
2026-02-02 22:07:46,864 - configstream.pipeline_core.output_handler - INFO - [-] - [output_handler.py:180] - Output generation complete. Files created in /tmp/pytest-of-jules/pytest-1/test_all_sources_cooldown0/out_cooldown
2026-02-02 22:07:46,869 - configstream.test_cache - INFO - [-] - [test_cache.py:112] - Saved 1 entries to cache file: data/test_cache.json
2026-02-02 22:07:46,916 - configstream.testers.go - INFO - [-] - [go.py:244] - Go Batch Tester shutdown complete.
2026-02-02 22:07:46,917 - configstream.event_stream - INFO - [-] - [event_stream.py:32] - [stream_close] Event stream closing.
2026-02-02 22:07:46,930 - configstream.adaptive_workers - INFO - [-] - [adaptive_workers.py:53] - Auto-calculated optimal workers: 60
2026-02-02 22:07:46,934 - configstream.test_cache - INFO - [-] - [test_cache.py:64] - Loaded 1 entries from cache file: data/test_cache.json
2026-02-02 22:07:46,940 - configstream.pipeline - INFO - [-] - [pipeline.py:166] - Initializing security blocklists...
2026-02-02 22:07:47,034 - httpx - INFO - [-] - [_client.py:1740] - HTTP Request: GET https://raw.githubusercontent.[BASE64]-ipsets/master/firehol_level1.netset "HTTP/1.1 200 OK"
2026-02-02 22:07:47,040 - configstream.security.blocklist - INFO - [-] - [blocklist.py:64] - Updated FireHol blocklist successfully.
2026-02-02 22:07:48,398 - configstream.security.blocklist - INFO - [-] - [blocklist.py:134] - Loaded 4493 blocked networks from FireHol Level 1.
2026-02-02 22:07:48,413 - configstream.workers.scanner - WARNING - [-] - [scanner.py:50] - WarpScannerWorker: Go binary not found. Active scanning will be disabled.
2026-02-02 22:07:48,414 - configstream.pipeline - INFO - [-] - [pipeline.py:217] - Vwarp tunnel disabled by configuration.
2026-02-02 22:07:48,414 - configstream.pipeline - INFO - [-] - [pipeline.py:228] - 🚀 Auto-scaling to 6 consumers based on 4 cores.
2026-02-02 22:07:48,415 - configstream.pipeline - INFO - [-] - [pipeline.py:251] - Starting pipeline with 60 initial workers
2026-02-02 22:07:48,425 - configstream.testers.go - ERROR - [-] - [go.py:88] - CRITICAL: Go batch tester binary not found (searched: configstream-tester, env: None, PATH). No proxies will be tested via the high-performance path!
2026-02-02 22:07:48,425 - configstream.pipeline - WARNING - [-] - [pipeline.py:265] - Go tester unavailable - Falling back to Python tester. Starting global concurrency tuner.
2026-02-02 22:07:48,426 - configstream.pipeline - INFO - [-] - [pipeline.py:271] - Starting pipeline with 6 parallel consumers
2026-02-02 22:07:48,426 - configstream.pipeline - INFO - [-] - [pipeline.py:276] - Batch time limit enabled: 20000s (soft stop with partial output).
2026-02-02 22:07:48,460 - configstream.pipeline_core.producer - INFO - [-] - [producer.py:164] - Starting fetch for 1 active sources (Batch Size: 100, Concurrent Limit: 32)
2026-02-02 22:07:48,460 - configstream.pipeline_core.producer - INFO - [-] - [producer.py:181] - Fetching batch 1: 1 sources
2026-02-02 22:07:48,461 - configstream.pipeline_core.producer - ERROR - [-] - [producer.py:284] - Producer failed: DB Connection Failed
2026-02-02 22:07:48,470 - configstream.pipeline_core.sorter - WARNING - [-] - [sorter.py:59] - No proxies to sort
2026-02-02 22:07:48,471 - configstream.pipeline - INFO - [-] - [pipeline.py:429] - ⚠️ Top 5 Failing Sources:
  - http://127.0.0.1:8080/test_source_content.txt: score=0.0, reason=High Failures
2026-02-02 22:07:48,471 - configstream.pipeline_core.output_handler - INFO - [-] - [output_handler.py:32] - Starting final output generation phase...
2026-02-02 22:07:48,476 - configstream.pipeline_core.output_handler - INFO - [-] - [output_handler.py:40] - Applying proxy tagging with template: {geo} | {stack} | {latency_tag} | {status_tag} | {process_tag} | {issue_tag}
2026-02-02 22:07:48,476 - configstream.tagging - INFO - [-] - [tagging.py:309] - Applying name template '{geo} | {stack} | {latency_tag} | {status_tag} | {process_tag} | {issue_tag}' to 0 proxies...
2026-02-02 22:07:48,476 - configstream.tagging - INFO - [-] - [tagging.py:327] - Tagged 0 proxies with template metadata
2026-02-02 22:07:48,481 - configstream.intelligence.chaining - INFO - [-] - [chaining.py:804] - Enhanced smart chains generated: 0 chains across 9 categories. intranet=0, intranet_washed=0, ipv6=0, streamer=0, censorship_resistant=0, low_latency=0, high_anonymity=0, load_balanced=0
2026-02-02 22:07:48,486 - configstream.pipeline_core.output_handler - INFO - [-] - [output_handler.py:118] - No revived proxies found to export (revived.json will not be created).
2026-02-02 22:07:48,492 - configstream.generators.clash - WARNING - [-] - [clash.py:49] - No valid proxies for Clash config generation
2026-02-02 22:07:48,496 - configstream.adapters - INFO - [-] - [adapters.py:374] - Shadowrocket export summary: 0 links (Reconstructed: 0)
2026-02-02 22:07:48,497 - configstream.adapters - INFO - [-] - [adapters.py:243] - Quantumult X export summary: 0 proxies (Failures: 0)
2026-02-02 22:07:48,500 - configstream.adapters - INFO - [-] - [adapters.py:75] - Surge export summary: 0 proxies, 0 chains (Total Lines: 1, Failures: 0)
2026-02-02 22:07:48,503 - configstream.adapters - INFO - [-] - [adapters.py:173] - Loon export summary: 0 proxies, 0 chains
2026-02-02 22:07:48,505 - configstream.adapters - INFO - [-] - [adapters.py:617] - SIP008 export summary: 0 Shadowsocks servers
2026-02-02 22:07:48,508 - configstream.output_logic - INFO - [-] - [output_logic.py:335] - Generated 11 output files.
2026-02-02 22:07:48,526 - configstream.history.export - INFO - [-] - [export.py:58] - Exported history visualization data to /tmp/pytest-of-jules/pytest-1/test_anomaly_db_failure0/out_anomaly/data/proxy_history_viz.json
2026-02-02 22:07:48,527 - configstream.history.export - INFO - [-] - [export.py:73] - Generating active proxy trend data...
2026-02-02 22:07:48,528 - configstream.history.export - WARNING - [-] - [export.py:107] - No working proxy data found for trend analysis.
2026-02-02 22:07:48,530 - configstream.pipeline_core.output_handler - INFO - [-] - [output_handler.py:180] - Output generation complete. Files created in /tmp/pytest-of-jules/pytest-1/test_anomaly_db_failure0/out_anomaly
2026-02-02 22:07:48,534 - configstream.test_cache - INFO - [-] - [test_cache.py:112] - Saved 1 entries to cache file: data/test_cache.json
2026-02-02 22:07:48,588 - configstream.testers.go - INFO - [-] - [go.py:244] - Go Batch Tester shutdown complete.
2026-02-02 22:07:48,588 - configstream.event_stream - INFO - [-] - [event_stream.py:32] - [stream_close] Event stream closing.
2026-02-02 22:07:48,617 - configstream.adaptive_workers - INFO - [-] - [adaptive_workers.py:53] - Auto-calculated optimal workers: 60
2026-02-02 22:07:48,622 - configstream.test_cache - INFO - [-] - [test_cache.py:64] - Loaded 1 entries from cache file: data/test_cache.json
2026-02-02 22:07:48,632 - configstream.pipeline - INFO - [-] - [pipeline.py:166] - Initializing security blocklists...
2026-02-02 22:07:48,646 - configstream.workers.scanner - WARNING - [-] - [scanner.py:50] - WarpScannerWorker: Go binary not found. Active scanning will be disabled.
2026-02-02 22:07:48,647 - configstream.pipeline - INFO - [-] - [pipeline.py:217] - Vwarp tunnel disabled by configuration.
2026-02-02 22:07:48,647 - configstream.pipeline - INFO - [-] - [pipeline.py:228] - 🚀 Auto-scaling to 6 consumers based on 4 cores.
2026-02-02 22:07:48,647 - configstream.pipeline - INFO - [-] - [pipeline.py:251] - Starting pipeline with 60 initial workers
2026-02-02 22:07:48,657 - configstream.testers.go - ERROR - [-] - [go.py:88] - CRITICAL: Go batch tester binary not found (searched: configstream-tester, env: None, PATH). No proxies will be tested via the high-performance path!
2026-02-02 22:07:48,658 - configstream.pipeline - WARNING - [-] - [pipeline.py:265] - Go tester unavailable - Falling back to Python tester. Starting global concurrency tuner.
2026-02-02 22:07:48,658 - configstream.pipeline - INFO - [-] - [pipeline.py:271] - Starting pipeline with 6 parallel consumers
2026-02-02 22:07:48,659 - configstream.pipeline - INFO - [-] - [pipeline.py:276] - Batch time limit enabled: 20000s (soft stop with partial output).
2026-02-02 22:07:48,731 - configstream.pipeline_core.consumer - INFO - [-] - [consumer.py:514] - Source Summary [/tmp/pytest-of-jules/pytest-1/test_mixed_protocols_dry_run0/mixed_sources.txt]: Raw=4 Parsed=4 Tested=4 Working=4 Fetch=0ms Dur=39ms
2026-02-02 22:07:48,743 - configstream.pipeline_core.sorter - INFO - [-] - [sorter.py:54] - Sorted 4 proxies using Pareto scoring (latency: avg=123.5ms, min=123.5ms, max=123.5ms)
2026-02-02 22:07:48,745 - configstream.pipeline - INFO - [-] - [pipeline.py:429] - ⚠️ Top 5 Failing Sources:
  - http://127.0.0.1:8080/test_source_content.txt: score=0.0, reason=High Failures
  - /tmp/pytest-of-jules/pytest-1/test_mixed_protocols_dry_run0/mixed_sources.txt: score=0.0, reason=Low Reliability
2026-02-02 22:07:48,745 - configstream.pipeline_core.output_handler - INFO - [-] - [output_handler.py:32] - Starting final output generation phase...
2026-02-02 22:07:48,749 - configstream.pipeline_core.output_handler - INFO - [-] - [output_handler.py:40] - Applying proxy tagging with template: {geo} | {stack} | {latency_tag} | {status_tag} | {process_tag} | {issue_tag}
2026-02-02 22:07:48,750 - configstream.tagging - INFO - [-] - [tagging.py:309] - Applying name template '{geo} | {stack} | {latency_tag} | {status_tag} | {process_tag} | {issue_tag}' to 4 proxies...
2026-02-02 22:07:48,751 - configstream.tagging - INFO - [-] - [tagging.py:327] - Tagged 4 proxies with template metadata
2026-02-02 22:07:48,751 - configstream.pipeline_core.output_handler - INFO - [-] - [output_handler.py:68] - WARP wrap skipped for all proxies (no valid WARP endpoints or keys found).
2026-02-02 22:07:48,756 - configstream.intelligence.chaining - INFO - [-] - [chaining.py:804] - Enhanced smart chains generated: 2 chains across 9 categories. intranet=0, intranet_washed=0, ipv6=0, streamer=0, censorship_resistant=0, low_latency=0, high_anonymity=0, load_balanced=2
2026-02-02 22:07:48,762 - configstream.pipeline_core.output_handler - INFO - [-] - [output_handler.py:118] - No revived proxies found to export (revived.json will not be created).
2026-02-02 22:07:48,783 - configstream.adapters - INFO - [-] - [adapters.py:374] - Shadowrocket export summary: 4 links (Reconstructed: 0)
2026-02-02 22:07:48,785 - configstream.adapters - INFO - [-] - [adapters.py:243] - Quantumult X export summary: 4 proxies (Failures: 0)
2026-02-02 22:07:48,788 - configstream.adapters - INFO - [-] - [adapters.py:75] - Surge export summary: 4 proxies, 0 chains (Total Lines: 5, Failures: 0)
2026-02-02 22:07:48,791 - configstream.adapters - INFO - [-] - [adapters.py:173] - Loon export summary: 4 proxies, 0 chains
2026-02-02 22:07:48,793 - configstream.adapters - INFO - [-] - [adapters.py:617] - SIP008 export summary: 1 Shadowsocks servers
2026-02-02 22:07:48,818 - configstream.output_logic - INFO - [-] - [output_logic.py:335] - Generated 24 output files.
2026-02-02 22:07:48,835 - configstream.history.export - INFO - [-] - [export.py:58] - Exported history visualization data to /tmp/pytest-of-jules/pytest-1/test_mixed_protocols_dry_run0/out/data/proxy_history_viz.json
2026-02-02 22:07:48,836 - configstream.history.export - INFO - [-] - [export.py:73] - Generating active proxy trend data...
2026-02-02 22:07:48,839 - configstream.history.export - INFO - [-] - [export.py:130] - Exported active proxy trend data to /tmp/pytest-of-jules/pytest-1/test_mixed_protocols_dry_run0/out/data/active_proxy_trend.json
2026-02-02 22:07:48,840 - configstream.pipeline_core.output_handler - INFO - [-] - [output_handler.py:180] - Output generation complete. Files created in /tmp/pytest-of-jules/pytest-1/test_mixed_protocols_dry_run0/out
2026-02-02 22:07:48,843 - configstream.test_cache - INFO - [-] - [test_cache.py:112] - Saved 1 entries to cache file: data/test_cache.json
2026-02-02 22:07:48,887 - configstream.testers.go - INFO - [-] - [go.py:244] - Go Batch Tester shutdown complete.
2026-02-02 22:07:48,887 - configstream.event_stream - INFO - [-] - [event_stream.py:32] - [stream_close] Event stream closing.
2026-02-02 22:07:48,897 - configstream.adaptive_workers - INFO - [-] - [adaptive_workers.py:53] - Auto-calculated optimal workers: 60
2026-02-02 22:07:48,902 - configstream.test_cache - INFO - [-] - [test_cache.py:64] - Loaded 1 entries from cache file: data/test_cache.json
2026-02-02 22:07:48,912 - configstream.pipeline - INFO - [-] - [pipeline.py:166] - Initializing security blocklists...
2026-02-02 22:07:48,924 - configstream.workers.scanner - WARNING - [-] - [scanner.py:50] - WarpScannerWorker: Go binary not found. Active scanning will be disabled.
2026-02-02 22:07:48,925 - configstream.pipeline - INFO - [-] - [pipeline.py:217] - Vwarp tunnel disabled by configuration.
2026-02-02 22:07:48,925 - configstream.pipeline - INFO - [-] - [pipeline.py:228] - 🚀 Auto-scaling to 6 consumers based on 4 cores.
2026-02-02 22:07:48,925 - configstream.pipeline - INFO - [-] - [pipeline.py:251] - Starting pipeline with 60 initial workers
2026-02-02 22:07:48,934 - configstream.testers.go - ERROR - [-] - [go.py:88] - CRITICAL: Go batch tester binary not found (searched: configstream-tester, env: None, PATH). No proxies will be tested via the high-performance path!
2026-02-02 22:07:48,935 - configstream.pipeline - WARNING - [-] - [pipeline.py:265] - Go tester unavailable - Falling back to Python tester. Starting global concurrency tuner.
2026-02-02 22:07:48,935 - configstream.pipeline - INFO - [-] - [pipeline.py:271] - Starting pipeline with 6 parallel consumers
2026-02-02 22:07:48,935 - configstream.pipeline - INFO - [-] - [pipeline.py:276] - Batch time limit enabled: 20000s (soft stop with partial output).
2026-02-02 22:07:48,981 - configstream.pipeline_core.consumer - INFO - [-] - [consumer.py:514] - Source Summary [/tmp/pytest-of-jules/pytest-1/test_full_pipeline_with_local_0/source.txt]: Raw=1 Parsed=1 Tested=1 Working=1 Fetch=0ms Dur=17ms
2026-02-02 22:07:48,990 - configstream.pipeline_core.sorter - INFO - [-] - [sorter.py:54] - Sorted 1 proxies using Pareto scoring (latency: avg=123.5ms, min=123.5ms, max=123.5ms)
2026-02-02 22:07:48,991 - configstream.pipeline - INFO - [-] - [pipeline.py:429] - ⚠️ Top 5 Failing Sources:
  - http://127.0.0.1:8080/test_source_content.txt: score=0.0, reason=High Failures
  - /tmp/pytest-of-jules/pytest-1/test_mixed_protocols_dry_run0/mixed_sources.txt: score=0.0, reason=Low Reliability
  - /tmp/pytest-of-jules/pytest-1/test_full_pipeline_with_local_0/source.txt: score=0.0, reason=Low Reliability
2026-02-02 22:07:48,995 - configstream.test_cache - INFO - [-] - [test_cache.py:112] - Saved 1 entries to cache file: data/test_cache.json
2026-02-02 22:07:49,037 - configstream.testers.go - INFO - [-] - [go.py:244] - Go Batch Tester shutdown complete.
2026-02-02 22:07:49,037 - configstream.event_stream - INFO - [-] - [event_stream.py:32] - [stream_close] Event stream closing.
2026-02-02 22:07:55,091 - configstream.parsers.extraction - WARNING - [-] - [extraction.py:408] - All lines dropped. Reasons: {'missing_protocol_separator': 1}. Samples: ['>\x06... [missing_protocol_separator]']
2026-02-02 22:07:55,093 - configstream.parsers.extraction - WARNING - [-] - [extraction.py:408] - All lines dropped. Reasons: {'missing_protocol_separator': 1}. Samples: ['\x87Ò\U0003d38b... [missing_protocol_separator]']
2026-02-02 22:07:55,094 - configstream.parsers.extraction - WARNING - [-] - [extraction.py:408] - All lines dropped. Reasons: {'missing_protocol_separator': 1}. Samples: ['Ím... [missing_protocol_separator]']
2026-02-02 22:07:55,096 - configstream.parsers.extraction - WARNING - [-] - [extraction.py:408] - All lines dropped. Reasons: {'missing_protocol_separator': 1}. Samples: ['/api/docs... [missing_protocol_separator]']
2026-02-02 22:07:55,097 - configstream.parsers.extraction - WARNING - [-] - [extraction.py:408] - All lines dropped. Reasons: {'missing_protocol_separator': 1}. Samples: ['\U000b1f44\U000482f3\U000146be뮣\U000ed298鍶... [missing_protocol_separator]']
2026-02-02 22:07:55,099 - configstream.parsers.extraction - WARNING - [-] - [extraction.py:408] - All lines dropped. Reasons: {'missing_protocol_separator': 1}. Samples: ['è\x14... [missing_protocol_separator]']
2026-02-02 22:07:55,100 - configstream.parsers.extraction - WARNING - [-] - [extraction.py:408] - All lines dropped. Reasons: {'missing_protocol_separator': 1}. Samples: ['\U000c4072j+4\x80\U00102f6f\x04Ì... [missing_protocol_separator]']
2026-02-02 22:07:55,102 - configstream.parsers.extraction - WARNING - [-] - [extraction.py:408] - All lines dropped. Reasons: {'missing_protocol_separator': 1}. Samples: ['y[\x99â\x88\x16àª... [missing_protocol_separator]']
2026-02-02 22:07:55,103 - configstream.parsers.extraction - WARNING - [-] - [extraction.py:408] - All lines dropped. Reasons: {'missing_protocol_separator': 1}. Samples: ['|... [missing_protocol_separator]']
2026-02-02 22:07:55,105 - configstream.parsers.extraction - WARNING - [-] - [extraction.py:408] - All lines dropped. Reasons: {'missing_protocol_separator': 1}. Samples: ['£\U00014bf8C\x1a·... [missing_protocol_separator]']
2026-02-02 22:07:55,106 - configstream.parsers.extraction - WARNING - [-] - [extraction.py:408] - All lines dropped. Reasons: {'missing_protocol_separator': 1}. Samples: ['\U000c367eæ... [missing_protocol_separator]']
2026-02-02 22:07:55,107 - configstream.parsers.extraction - WARNING - [-] - [extraction.py:408] - All lines dropped. Reasons: {'missing_protocol_separator': 1}. Samples: ['𝑻𝒉𝒆 𝒒𝒖𝒊𝒄𝒌 𝒃𝒓𝒐𝒘𝒏 𝒇𝒐𝒙 𝒋𝒖𝒎𝒑𝒔 𝒐𝒗𝒆𝒓 𝒕𝒉𝒆 𝒍𝒂𝒛𝒚 𝒅𝒐𝒈... [missing_protocol_separator]']
2026-02-02 22:07:55,109 - configstream.parsers.extraction - WARNING - [-] - [extraction.py:408] - All lines dropped. Reasons: {'missing_protocol_separator': 1}. Samples: [';S\x97... [missing_protocol_separator]']
2026-02-02 22:07:55,110 - configstream.parsers.extraction - WARNING - [-] - [extraction.py:408] - All lines dropped. Reasons: {'missing_protocol_separator': 1}. Samples: ['<\U000b3281... [missing_protocol_separator]']
2026-02-02 22:07:55,112 - configstream.parsers.extraction - WARNING - [-] - [extraction.py:408] - All lines dropped. Reasons: {'missing_protocol_separator': 1}. Samples: [';... [missing_protocol_separator]']
2026-02-02 22:07:55,114 - configstream.parsers.extraction - WARNING - [-] - [extraction.py:408] - All lines dropped. Reasons: {'missing_protocol_separator': 2}. Samples: ['\x90... [missing_protocol_separator]', 'ñ¦!\U000c51fbzBH... [missing_protocol_separator]']
2026-02-02 22:07:55,116 - configstream.parsers.extraction - WARNING - [-] - [extraction.py:408] - All lines dropped. Reasons: {'missing_protocol_separator': 1}. Samples: ['\x87\x8cë\U00087212¹... [missing_protocol_separator]']
2026-02-02 22:07:55,117 - configstream.parsers.extraction - WARNING - [-] - [extraction.py:408] - All lines dropped. Reasons: {'missing_protocol_separator': 1}. Samples: ['ªä\U000cd421\U00062389\x84m... [missing_protocol_separator]']
2026-02-02 22:07:55,119 - configstream.parsers.extraction - WARNING - [-] - [extraction.py:408] - All lines dropped. Reasons: {'missing_protocol_separator': 2}. Samples: ['e... [missing_protocol_separator]', 'é\ue266\x07... [missing_protocol_separator]']
2026-02-02 22:07:55,120 - configstream.parsers.extraction - WARNING - [-] - [extraction.py:408] - All lines dropped. Reasons: {'missing_protocol_separator': 1}. Samples: ['M\x96\U000d527e... [missing_protocol_separator]']
2026-02-02 22:07:55,122 - configstream.parsers.extraction - WARNING - [-] - [extraction.py:408] - All lines dropped. Reasons: {'missing_protocol_separator': 1}. Samples: ['\x80Kó\U000b677d\U000501f7Ú.ç\U000d9703\x1f\U000c4756m\x92°U7NÓp\U000595381C\U000ed166... [missing_protocol_separator]']
2026-02-02 22:07:55,124 - configstream.parsers.extraction - WARNING - [-] - [extraction.py:408] - All lines dropped. Reasons: {'missing_protocol_separator': 1}. Samples: ['yÝ\x1b... [missing_protocol_separator]']
2026-02-02 22:07:55,125 - configstream.parsers.extraction - WARNING - [-] - [extraction.py:408] - All lines dropped. Reasons: {'missing_protocol_separator': 1}. Samples: ['\x92\x0f... [missing_protocol_separator]']
2026-02-02 22:07:55,126 - configstream.parsers.extraction - WARNING - [-] - [extraction.py:408] - All lines dropped. Reasons: {'missing_protocol_separator': 1}. Samples: ['\U0007ed96\x90... [missing_protocol_separator]']
2026-02-02 22:07:55,128 - configstream.parsers.extraction - WARNING - [-] - [extraction.py:408] - All lines dropped. Reasons: {'missing_protocol_separator': 1}. Samples: ['éùTf... [missing_protocol_separator]']
2026-02-02 22:07:55,129 - configstream.parsers.extraction - WARNING - [-] - [extraction.py:408] - All lines dropped. Reasons: {'missing_protocol_separator': 1}. Samples: ['\U000b2a09÷... [missing_protocol_separator]']
2026-02-02 22:07:55,131 - configstream.parsers.extraction - WARNING - [-] - [extraction.py:408] - All lines dropped. Reasons: {'missing_protocol_separator': 1}. Samples: ['(\U0009baf4\x01... [missing_protocol_separator]']
2026-02-02 22:07:55,132 - configstream.parsers.extraction - WARNING - [-] - [extraction.py:408] - All lines dropped. Reasons: {'missing_protocol_separator': 1}. Samples: [';\x87\x89s\x0e\x8cz\x9b^2m§\U000969e6j\x91\U0007f5b8ÄN... [missing_protocol_separator]']
2026-02-02 22:07:55,134 - configstream.parsers.extraction - WARNING - [-] - [extraction.py:408] - All lines dropped. Reasons: {'missing_protocol_separator': 1}. Samples: ['.s... [missing_protocol_separator]']
2026-02-02 22:07:55,135 - configstream.parsers.extraction - WARNING - [-] - [extraction.py:408] - All lines dropped. Reasons: {'missing_protocol_separator': 1}. Samples: ['¬\x97\U0005e82e.jX... [missing_protocol_separator]']
2026-02-02 22:07:55,137 - configstream.parsers.extraction - WARNING - [-] - [extraction.py:408] - All lines dropped. Reasons: {'missing_protocol_separator': 1}. Samples: ['\x8e\U00066bcc\x89\x12藇... [missing_protocol_separator]']
2026-02-02 22:07:55,138 - configstream.parsers.extraction - WARNING - [-] - [extraction.py:408] - All lines dropped. Reasons: {'missing_protocol_separator': 1}. Samples: ['Ê}\U0005593c\x9d¦L... [missing_protocol_separator]']
2026-02-02 22:07:55,140 - configstream.parsers.extraction - WARNING - [-] - [extraction.py:408] - All lines dropped. Reasons: {'missing_protocol_separator': 1}. Samples: ['\U00042439\x16... [missing_protocol_separator]']
2026-02-02 22:07:55,141 - configstream.parsers.extraction - WARNING - [-] - [extraction.py:408] - All lines dropped. Reasons: {'missing_protocol_separator': 1}. Samples: ['𨥌... [missing_protocol_separator]']
2026-02-02 22:07:55,142 - configstream.parsers.extraction - WARNING - [-] - [extraction.py:408] - All lines dropped. Reasons: {'missing_protocol_separator': 1}. Samples: ['\U000dbeb3... [missing_protocol_separator]']
2026-02-02 22:07:55,144 - configstream.parsers.extraction - WARNING - [-] - [extraction.py:408] - All lines dropped. Reasons: {'missing_protocol_separator': 1}. Samples: ['\U000d1fef... [missing_protocol_separator]']
2026-02-02 22:07:55,145 - configstream.parsers.extraction - WARNING - [-] - [extraction.py:408] - All lines dropped. Reasons: {'missing_protocol_separator': 1}. Samples: ['P\U0005c701÷q... [missing_protocol_separator]']
2026-02-02 22:07:55,147 - configstream.parsers.extraction - WARNING - [-] - [extraction.py:408] - All lines dropped. Reasons: {'missing_protocol_separator': 1}. Samples: ['6... [missing_protocol_separator]']
2026-02-02 22:07:55,148 - configstream.parsers.extraction - WARNING - [-] - [extraction.py:408] - All lines dropped. Reasons: {'missing_protocol_separator': 1}. Samples: ['𦩇·\x88... [missing_protocol_separator]']
2026-02-02 22:07:55,150 - configstream.parsers.extraction - WARNING - [-] - [extraction.py:408] - All lines dropped. Reasons: {'missing_protocol_separator': 1}. Samples: ['P... [missing_protocol_separator]']
2026-02-02 22:07:55,151 - configstream.parsers.extraction - WARNING - [-] - [extraction.py:408] - All lines dropped. Reasons: {'missing_protocol_separator': 1}. Samples: ['Ø... [missing_protocol_separator]']
2026-02-02 22:07:55,152 - configstream.parsers.extraction - WARNING - [-] - [extraction.py:408] - All lines dropped. Reasons: {'missing_protocol_separator': 2}. Samples: ['â\x19·â\x17䓂... [missing_protocol_separator]', 'Rª\x9dC𧌐V... [missing_protocol_separator]']
2026-02-02 22:07:55,154 - configstream.parsers.extraction - WARNING - [-] - [extraction.py:408] - All lines dropped. Reasons: {'missing_protocol_separator': 1}. Samples: ['궒h\x17h... [missing_protocol_separator]']
2026-02-02 22:07:55,155 - configstream.parsers.extraction - WARNING - [-] - [extraction.py:408] - All lines dropped. Reasons: {'missing_protocol_separator': 1}. Samples: ['U!\U0007c2af\x82𰊪\x17Ù... [missing_protocol_separator]']
2026-02-02 22:07:55,157 - configstream.parsers.extraction - WARNING - [-] - [extraction.py:408] - All lines dropped. Reasons: {'missing_protocol_separator': 1}. Samples: ['¾Ç\x90ø\U00088d39... [missing_protocol_separator]']
2026-02-02 22:07:55,158 - configstream.parsers.extraction - WARNING - [-] - [extraction.py:408] - All lines dropped. Reasons: {'missing_protocol_separator': 1}. Samples: ['\x05... [missing_protocol_separator]']
2026-02-02 22:07:55,159 - configstream.parsers.extraction - WARNING - [-] - [extraction.py:408] - All lines dropped. Reasons: {'missing_protocol_separator': 1}. Samples: ['\U000fd53b\ue2fa·æ... [missing_protocol_separator]']
2026-02-02 22:07:55,161 - configstream.parsers.extraction - WARNING - [-] - [extraction.py:408] - All lines dropped. Reasons: {'missing_protocol_separator': 1}. Samples: ['\U00094c08\x0f... [missing_protocol_separator]']
2026-02-02 22:07:55,163 - configstream.parsers.extraction - WARNING - [-] - [extraction.py:408] - All lines dropped. Reasons: {'missing_protocol_separator': 1}. Samples: ['ª.ìfúð\x84\U00095717\U000f93ab... [missing_protocol_separator]']
2026-02-02 22:07:55,164 - configstream.parsers.extraction - WARNING - [-] - [extraction.py:408] - All lines dropped. Reasons: {'missing_protocol_separator': 1}. Samples: ['Éü뙤𫎃ïÃ... [missing_protocol_separator]']
2026-02-02 22:07:55,165 - configstream.parsers.extraction - WARNING - [-] - [extraction.py:408] - All lines dropped. Reasons: {'missing_protocol_separator': 1}. Samples: ['5𧽁... [missing_protocol_separator]']
2026-02-02 22:07:55,166 - configstream.parsers.extraction - WARNING - [-] - [extraction.py:408] - All lines dropped. Reasons: {'missing_protocol_separator': 1}. Samples: ['\U00084062... [missing_protocol_separator]']
2026-02-02 22:07:55,168 - configstream.parsers.extraction - WARNING - [-] - [extraction.py:408] - All lines dropped. Reasons: {'missing_protocol_separator': 1}. Samples: ['\U00085359... [missing_protocol_separator]']
2026-02-02 22:07:55,169 - configstream.parsers.extraction - WARNING - [-] - [extraction.py:408] - All lines dropped. Reasons: {'missing_protocol_separator': 1}. Samples: ['¶«3;]ê... [missing_protocol_separator]']
2026-02-02 22:07:55,170 - configstream.parsers.extraction - WARNING - [-] - [extraction.py:408] - All lines dropped. Reasons: {'missing_protocol_separator': 1}. Samples: ['𠨀ÀêHß«\U00104a4f\U0006032e\U00041a0e\x9ed\x884d\xa0\U0010d357٭v\x8e\U000c2d36... [missing_protocol_separator]']
2026-02-02 22:07:55,172 - configstream.parsers.extraction - WARNING - [-] - [extraction.py:408] - All lines dropped. Reasons: {'missing_protocol_separator': 1}. Samples: ['ò\U000ef947... [missing_protocol_separator]']
2026-02-02 22:07:55,173 - configstream.parsers.extraction - WARNING - [-] - [extraction.py:408] - All lines dropped. Reasons: {'missing_protocol_separator': 1}. Samples: ['\x15\U000e6742\x84\U00045844þÊP\U000ec96f\x1b... [missing_protocol_separator]']
2026-02-02 22:07:55,175 - configstream.parsers.extraction - WARNING - [-] - [extraction.py:408] - All lines dropped. Reasons: {'missing_protocol_separator': 2}. Samples: ['§üÐ¨... [missing_protocol_separator]', '\x9bb\U00088d43\U000380bcXã\x89\x9e½... [missing_protocol_separator]']
2026-02-02 22:07:55,176 - configstream.parsers.extraction - WARNING - [-] - [extraction.py:408] - All lines dropped. Reasons: {'missing_protocol_separator': 1}. Samples: ['Æbü... [missing_protocol_separator]']
2026-02-02 22:07:55,177 - configstream.parsers.extraction - WARNING - [-] - [extraction.py:408] - All lines dropped. Reasons: {'missing_protocol_separator': 1}. Samples: ['u\x03ä\x8d\x0fÒa\x13Ø... [missing_protocol_separator]']
2026-02-02 22:07:55,178 - configstream.parsers.extraction - WARNING - [-] - [extraction.py:408] - All lines dropped. Reasons: {'missing_protocol_separator': 2}. Samples: ['\U00038cc0¯Ú... [missing_protocol_separator]', '𬪡... [missing_protocol_separator]']
2026-02-02 22:07:55,180 - configstream.parsers.extraction - WARNING - [-] - [extraction.py:408] - All lines dropped. Reasons: {'missing_protocol_separator': 1}. Samples: ['9ì\U0004f0fe... [missing_protocol_separator]']
2026-02-02 22:07:55,181 - configstream.parsers.extraction - WARNING - [-] - [extraction.py:408] - All lines dropped. Reasons: {'missing_protocol_separator': 1}. Samples: ['0µ\x08\x88\x8c\x8dN6... [missing_protocol_separator]']
2026-02-02 22:07:55,182 - configstream.parsers.extraction - WARNING - [-] - [extraction.py:408] - All lines dropped. Reasons: {'missing_protocol_separator': 1}. Samples: ['\x01... [missing_protocol_separator]']
2026-02-02 22:07:55,184 - configstream.parsers.extraction - WARNING - [-] - [extraction.py:408] - All lines dropped. Reasons: {'missing_protocol_separator': 2}. Samples: ['ß... [missing_protocol_separator]', 'Í\U0009487fr\x04\U000e4928\U000471e6\U000e243c\x91±\U000852d8\U000fec35\x88\x00©... [missing_protocol_separator]']
2026-02-02 22:07:55,185 - configstream.parsers.extraction - WARNING - [-] - [extraction.py:408] - All lines dropped. Reasons: {'missing_protocol_separator': 1}. Samples: ['&H\x16î... [missing_protocol_separator]']
2026-02-02 22:07:55,186 - configstream.parsers.extraction - WARNING - [-] - [extraction.py:408] - All lines dropped. Reasons: {'missing_protocol_separator': 1}. Samples: ['\U000b7842Å... [missing_protocol_separator]']
2026-02-02 22:07:55,188 - configstream.parsers.extraction - WARNING - [-] - [extraction.py:408] - All lines dropped. Reasons: {'missing_protocol_separator': 1}. Samples: ['ÈC\U000da817\x1fhþ... [missing_protocol_separator]']
2026-02-02 22:07:55,189 - configstream.parsers.extraction - WARNING - [-] - [extraction.py:408] - All lines dropped. Reasons: {'missing_protocol_separator': 1}. Samples: ['\x80... [missing_protocol_separator]']
2026-02-02 22:07:55,190 - configstream.parsers.extraction - WARNING - [-] - [extraction.py:408] - All lines dropped. Reasons: {'missing_protocol_separator': 1}. Samples: ['\x02... [missing_protocol_separator]']
2026-02-02 22:07:55,191 - configstream.parsers.extraction - WARNING - [-] - [extraction.py:408] - All lines dropped. Reasons: {'missing_protocol_separator': 1}. Samples: ['Ö太!\x08\x19... [missing_protocol_separator]']
2026-02-02 22:07:55,193 - configstream.parsers.extraction - WARNING - [-] - [extraction.py:408] - All lines dropped. Reasons: {'missing_protocol_separator': 1}. Samples: ['𑘸... [missing_protocol_separator]']
2026-02-02 22:07:55,194 - configstream.parsers.extraction - WARNING - [-] - [extraction.py:408] - All lines dropped. Reasons: {'missing_protocol_separator': 1}. Samples: ['s\U000abb38ua\x1bèV|3r§9磣#... [missing_protocol_separator]']
2026-02-02 22:07:55,195 - configstream.parsers.extraction - WARNING - [-] - [extraction.py:408] - All lines dropped. Reasons: {'missing_protocol_separator': 1}. Samples: ['ß... [missing_protocol_separator]']
2026-02-02 22:07:55,197 - configstream.parsers.extraction - WARNING - [-] - [extraction.py:408] - All lines dropped. Reasons: {'missing_protocol_separator': 1}. Samples: ['j\x91... [missing_protocol_separator]']
2026-02-02 22:07:55,198 - configstream.parsers.extraction - WARNING - [-] - [extraction.py:408] - All lines dropped. Reasons: {'missing_protocol_separator': 2}. Samples: ['A\x88\x91\x93... [missing_protocol_separator]', '~\U000dd62e\x91\x84/À... [missing_protocol_separator]']
2026-02-02 22:07:55,199 - configstream.parsers.extraction - WARNING - [-] - [extraction.py:408] - All lines dropped. Reasons: {'missing_protocol_separator': 1}. Samples: ['s... [missing_protocol_separator]']
2026-02-02 22:07:55,200 - configstream.parsers.extraction - WARNING - [-] - [extraction.py:408] - All lines dropped. Reasons: {'missing_protocol_separator': 1}. Samples: ['l... [missing_protocol_separator]']
2026-02-02 22:07:55,202 - configstream.parsers.extraction - WARNING - [-] - [extraction.py:408] - All lines dropped. Reasons: {'missing_protocol_separator': 1}. Samples:[MASKED]@\x13ÁÁ\x07¦\x84ë... [missing_protocol_separator]']
2026-02-02 22:07:55,203 - configstream.parsers.extraction - WARNING - [-] - [extraction.py:408] - All lines dropped. Reasons: {'missing_protocol_separator': 1}. Samples: ['\x03¹... [missing_protocol_separator]']
2026-02-02 22:07:55,205 - configstream.parsers.extraction - WARNING - [-] - [extraction.py:408] - All lines dropped. Reasons: {'missing_protocol_separator': 1}. Samples: ['\U00050ed5ã¯\U0001918cB+És£a\x17... [missing_protocol_separator]']
2026-02-02 22:07:55,206 - configstream.parsers.extraction - WARNING - [-] - [extraction.py:408] - All lines dropped. Reasons: {'missing_protocol_separator': 1}. Samples: ['\x8aKW¢ºB/... [missing_protocol_separator]']
2026-02-02 22:07:55,207 - configstream.parsers.extraction - WARNING - [-] - [extraction.py:408] - All lines dropped. Reasons: {'missing_protocol_separator': 1}. Samples: ['\\d\U000c379b\U000405cf^\x1a,2ø\U00080bf8\x18\x92A... [missing_protocol_separator]']
2026-02-02 22:07:55,209 - configstream.parsers.extraction - WARNING - [-] - [extraction.py:408] - All lines dropped. Reasons: {'missing_protocol_separator': 2}. Samples: ['°... [missing_protocol_separator]', '\x9a\x8c\U00053162oÔ¬h\x05ó\x95\x92... [missing_protocol_separator]']
2026-02-02 22:07:55,210 - configstream.parsers.extraction - WARNING - [-] - [extraction.py:408] - All lines dropped. Reasons: {'missing_protocol_separator': 1}. Samples: ['\x8f{\U000eb8c6\x17\U00052547... [missing_protocol_separator]']
2026-02-02 22:07:55,211 - configstream.parsers.extraction - WARNING - [-] - [extraction.py:408] - All lines dropped. Reasons: {'missing_protocol_separator': 1}. Samples: ['iÞº>𠹐\U00097d28\x9azG\U000e02ad\U001051a3h\U000ccb23... [missing_protocol_separator]']
2026-02-02 22:07:55,213 - configstream.parsers.extraction - WARNING - [-] - [extraction.py:408] - All lines dropped. Reasons: {'missing_protocol_separator': 1}. Samples: ['4¬\x7f\x9b... [missing_protocol_separator]']
2026-02-02 22:07:55,214 - configstream.parsers.extraction - WARNING - [-] - [extraction.py:408] - All lines dropped. Reasons: {'missing_protocol_separator': 1}. Samples: ['Û\U000ffe68dÍ... [missing_protocol_separator]']
2026-02-02 22:07:55,215 - configstream.parsers.extraction - WARNING - [-] - [extraction.py:408] - All lines dropped. Reasons: {'missing_protocol_separator': 1}. Samples: ['5B... [missing_protocol_separator]']
2026-02-02 22:07:55,216 - configstream.parsers.extraction - WARNING - [-] - [extraction.py:408] - All lines dropped. Reasons: {'missing_protocol_separator': 1}. Samples: ['4... [missing_protocol_separator]']
2026-02-02 22:07:55,217 - configstream.parsers.extraction - WARNING - [-] - [extraction.py:408] - All lines dropped. Reasons: {'missing_protocol_separator': 1}. Samples: ['ìÙ... [missing_protocol_separator]']
2026-02-02 22:07:55,219 - configstream.parsers.extraction - WARNING - [-] - [extraction.py:408] - All lines dropped. Reasons: {'missing_protocol_separator': 1}. Samples: ['·... [missing_protocol_separator]']
2026-02-02 22:07:55,221 - configstream.parsers.extraction - WARNING - [-] - [extraction.py:408] - All lines dropped. Reasons: {'missing_protocol_separator': 2}. Samples: ['^t\x18\U00075ea9... [missing_protocol_separator]', 'h×¿\x00?\U0009afa6... [missing_protocol_separator]']
2026-02-02 22:07:55,222 - configstream.parsers.extraction - WARNING - [-] - [extraction.py:408] - All lines dropped. Reasons: {'missing_protocol_separator': 1}. Samples: ['\x07\U00082eba\x91\U0008d908;ë>{... [missing_protocol_separator]']
2026-02-02 22:07:55,223 - configstream.parsers.extraction - WARNING - [-] - [extraction.py:408] - All lines dropped. Reasons: {'missing_protocol_separator': 1}. Samples: ['ß\U00104096... [missing_protocol_separator]']
2026-02-02 22:07:55,225 - configstream.parsers.extraction - WARNING - [-] - [extraction.py:408] - All lines dropped. Reasons: {'missing_protocol_separator': 1}. Samples: ['X\xad\U00077ddeøµ\U0007d6e8¿쬣\U00049e7cÕ... [missing_protocol_separator]']
2026-02-02 22:07:55,226 - configstream.parsers.extraction - WARNING - [-] - [extraction.py:408] - All lines dropped. Reasons: {'missing_protocol_separator': 2}. Samples: ['íHÀ;4... [missing_protocol_separator]', '5s6\U000f641a\x15... [missing_protocol_separator]']
2026-02-02 22:07:55,228 - configstream.parsers.extraction - WARNING - [-] - [extraction.py:408] - All lines dropped. Reasons: {'missing_protocol_separator': 1}. Samples: ['L... [missing_protocol_separator]']
2026-02-02 22:07:55,229 - configstream.parsers.extraction - WARNING - [-] - [extraction.py:408] - All lines dropped. Reasons: {'missing_protocol_separator': 1}. Samples: ['\U00070542... [missing_protocol_separator]']
2026-02-02 22:07:55,230 - configstream.parsers.extraction - WARNING - [-] - [extraction.py:408] - All lines dropped. Reasons: {'missing_protocol_separator': 1}. Samples: ['ý\U00084152\U0005f622\x7f... [missing_protocol_separator]']
2026-02-02 22:07:55,232 - configstream.parsers.extraction - WARNING - [-] - [extraction.py:408] - All lines dropped. Reasons: {'missing_protocol_separator': 1}. Samples: ['\x8e\U000129ec®\U000df155û¶GZþ\U000eee47\x9cÊa=µÐfÍ... [missing_protocol_separator]']
2026-02-02 22:07:55,234 - configstream.parsers.extraction - WARNING - [-] - [extraction.py:408] - All lines dropped. Reasons: {'missing_protocol_separator': 2}. Samples: ['\xadê7... [missing_protocol_separator]', '\x88\U0009df41\x16~Ña3... [missing_protocol_separator]']
2026-02-02 22:07:55,235 - configstream.parsers.extraction - WARNING - [-] - [extraction.py:408] - All lines dropped. Reasons: {'missing_protocol_separator': 1}. Samples: ['z\x83\x87\x04눇4𬩊\x9a\U0010f806... [missing_protocol_separator]']
2026-02-02 22:07:55,237 - configstream.parsers.extraction - WARNING - [-] - [extraction.py:408] - All lines dropped. Reasons: {'missing_protocol_separator': 1}. Samples: ['l\U000b70722"\U00056ca4\U0008c776... [missing_protocol_separator]']
2026-02-02 22:07:55,238 - configstream.parsers.extraction - WARNING - [-] - [extraction.py:408] - All lines dropped. Reasons: {'missing_protocol_separator': 1}. Samples: ['\x8dÁþ... [missing_protocol_separator]']
2026-02-02 22:07:55,239 - configstream.parsers.extraction - WARNING - [-] - [extraction.py:408] - All lines dropped. Reasons: {'missing_protocol_separator': 1}. Samples: ['º\U00048941ÐL\U000b74af¨\x92º\U00098b01 v¼... [missing_protocol_separator]']
2026-02-02 22:07:55,241 - configstream.parsers.extraction - WARNING - [-] - [extraction.py:408] - All lines dropped. Reasons: {'missing_protocol_separator': 1}. Samples: ['`\x8b\x10só\x8a\x9d¾`ñ}Ñ\U001096b9=\x0f_\x00... [missing_protocol_separator]']
2026-02-02 22:07:55,242 - configstream.parsers.extraction - WARNING - [-] - [extraction.py:408] - All lines dropped. Reasons: {'missing_protocol_separator': 1}. Samples: ['&\x93p... [missing_protocol_separator]']
2026-02-02 22:07:55,244 - configstream.parsers.extraction - WARNING - [-] - [extraction.py:408] - All lines dropped. Reasons: {'missing_protocol_separator': 1}. Samples: ['$\U000ae551í\x017¾y\x84ç\x9f⅟a\x1a\x81\x05x\U0009162d»Òý\U0006fcb9²*\x0e±jW\U00060cac... [missing_protocol_separator]']
2026-02-02 22:07:55,245 - configstream.parsers.extraction - WARNING - [-] - [extraction.py:408] - All lines dropped. Reasons: {'missing_protocol_separator': 1}. Samples: ["'... [missing_protocol_separator]"]
2026-02-02 22:07:55,247 - configstream.parsers.extraction - WARNING - [-] - [extraction.py:408] - All lines dropped. Reasons: {'missing_protocol_separator': 1}. Samples: ['Wï\U000d3fc5í... [missing_protocol_separator]']
2026-02-02 22:07:55,248 - configstream.parsers.extraction - WARNING - [-] - [extraction.py:408] - All lines dropped. Reasons: {'missing_protocol_separator': 1}. Samples: ['R... [missing_protocol_separator]']
2026-02-02 22:07:55,250 - configstream.parsers.extraction - WARNING - [-] - [extraction.py:408] - All lines dropped. Reasons: {'missing_protocol_separator': 1}. Samples: ['\U000c4e0fäí%~²... [missing_protocol_separator]']
2026-02-02 22:07:55,251 - configstream.parsers.extraction - WARNING - [-] - [extraction.py:408] - All lines dropped. Reasons: {'missing_protocol_separator': 1}. Samples: ['Ø\U00011bf6}§... [missing_protocol_separator]']
2026-02-02 22:07:55,252 - configstream.parsers.extraction - WARNING - [-] - [extraction.py:408] - All lines dropped. Reasons: {'missing_protocol_separator': 1}. Samples: ['\U0010bb89Ø÷\x0fØ\x8c\x9f... [missing_protocol_separator]']
2026-02-02 22:07:55,254 - configstream.parsers.extraction - WARNING - [-] - [extraction.py:408] - All lines dropped. Reasons: {'missing_protocol_separator': 1}. Samples: ['É0\x8c\U00033f09\U0006fabf\x18\x80¡... [missing_protocol_separator]']
2026-02-02 22:07:55,255 - configstream.parsers.extraction - WARNING - [-] - [extraction.py:408] - All lines dropped. Reasons: {'missing_protocol_separator': 1}. Samples: ['%... [missing_protocol_separator]']
2026-02-02 22:07:55,256 - configstream.parsers.extraction - WARNING - [-] - [extraction.py:408] - All lines dropped. Reasons: {'missing_protocol_separator': 1}. Samples: ['ø\x82\x0e... [missing_protocol_separator]']
2026-02-02 22:07:55,258 - configstream.parsers.extraction - WARNING - [-] - [extraction.py:408] - All lines dropped. Reasons: {'missing_protocol_separator': 1}. Samples: ['ö\U000e56c6Í\x00\x93lw𰆍»\x04j... [missing_protocol_separator]']
2026-02-02 22:07:55,259 - configstream.parsers.extraction - WARNING - [-] - [extraction.py:408] - All lines dropped. Reasons: {'missing_protocol_separator': 2}. Samples: ['0... [missing_protocol_separator]', '´... [missing_protocol_separator]']
2026-02-02 22:07:55,260 - configstream.parsers.extraction - WARNING - [-] - [extraction.py:408] - All lines dropped. Reasons: {'missing_protocol_separator': 1}. Samples: ['6\U00044e70½·\x8c4\U0006f1b8\U00014e2dz!\x8d\x9c `B\\... [missing_protocol_separator]']
2026-02-02 22:07:55,262 - configstream.parsers.extraction - WARNING - [-] - [extraction.py:408] - All lines dropped. Reasons: {'missing_protocol_separator': 1}. Samples: ['ù... [missing_protocol_separator]']
2026-02-02 22:07:55,263 - configstream.parsers.extraction - WARNING - [-] - [extraction.py:408] - All lines dropped. Reasons: {'missing_protocol_separator': 1}. Samples: ['Ú... [missing_protocol_separator]']
2026-02-02 22:07:55,264 - configstream.parsers.extraction - WARNING - [-] - [extraction.py:408] - All lines dropped. Reasons: {'missing_protocol_separator': 1}. Samples: ['û¦\x18ÊØ\x90©... [missing_protocol_separator]']
2026-02-02 22:07:55,266 - configstream.parsers.extraction - WARNING - [-] - [extraction.py:408] - All lines dropped. Reasons: {'missing_protocol_separator': 1}. Samples: ['i>»\U000605596¸\U00092d12... [missing_protocol_separator]']
2026-02-02 22:07:55,267 - configstream.parsers.extraction - WARNING - [-] - [extraction.py:408] - All lines dropped. Reasons: {'missing_protocol_separator': 1}. Samples: ['\U000a3194... [missing_protocol_separator]']
2026-02-02 22:07:55,268 - configstream.parsers.extraction - WARNING - [-] - [extraction.py:408] - All lines dropped. Reasons: {'missing_protocol_separator': 1}. Samples: ['g3À\x8a[... [missing_protocol_separator]']
2026-02-02 22:07:55,270 - configstream.parsers.extraction - WARNING - [-] - [extraction.py:408] - All lines dropped. Reasons: {'missing_protocol_separator': 1}. Samples: ['Nÿµ𝢢t\x93pf豌\x9e\U00049fb9ý\t\U000d29cf\x96âõ\x96M\U0010ce01Þ... [missing_protocol_separator]']
2026-02-02 22:07:55,271 - configstream.parsers.extraction - WARNING - [-] - [extraction.py:408] - All lines dropped. Reasons: {'missing_protocol_separator': 1}. Samples: ['É... [missing_protocol_separator]']
2026-02-02 22:07:55,272 - configstream.parsers.extraction - WARNING - [-] - [extraction.py:408] - All lines dropped. Reasons: {'missing_protocol_separator': 1}. Samples: ['\x89\x81ö\\\x0f\x10ÔË^\x83\U000f4868Å\U0003700c... [missing_protocol_separator]']
2026-02-02 22:07:55,274 - configstream.parsers.extraction - WARNING - [-] - [extraction.py:408] - All lines dropped. Reasons: {'missing_protocol_separator': 2}. Samples: ['lcE\x14... [missing_protocol_separator]', '\x17³... [missing_protocol_separator]']
2026-02-02 22:07:55,275 - configstream.parsers.extraction - WARNING - [-] - [extraction.py:408] - All lines dropped. Reasons: {'missing_protocol_separator': 3}. Samples: ['+쑄~... [missing_protocol_separator]', '|\U00107923Ç... [missing_protocol_separator]', ')\U000df8af... [missing_protocol_separator]']
2026-02-02 22:07:55,277 - configstream.parsers.extraction - WARNING - [-] - [extraction.py:408] - All lines dropped. Reasons: {'missing_protocol_separator': 1}. Samples: ['ô\U00108662\U00095be8\x14·... [missing_protocol_separator]']
2026-02-02 22:07:55,278 - configstream.parsers.extraction - WARNING - [-] - [extraction.py:408] - All lines dropped. Reasons: {'missing_protocol_separator': 1}. Samples: ['²2𡰓... [missing_protocol_separator]']
2026-02-02 22:07:55,280 - configstream.parsers.extraction - WARNING - [-] - [extraction.py:408] - All lines dropped. Reasons: {'missing_protocol_separator': 1}. Samples: ['䩬\x11þ°5wº\U000daa92g%\x8a;²©\x84\x0e\U0008fcdc+... [missing_protocol_separator]']
2026-02-02 22:07:55,282 - configstream.parsers.extraction - WARNING - [-] - [extraction.py:408] - All lines dropped. Reasons: {'missing_protocol_separator': 1}. Samples: ['ð... [missing_protocol_separator]']
2026-02-02 22:07:55,283 - configstream.parsers.extraction - WARNING - [-] - [extraction.py:408] - All lines dropped. Reasons: {'missing_protocol_separator': 1}. Samples: ['\U000ccddcÚ\U00052361㥀½\x126\x0f\x16Á#... [missing_protocol_separator]']
2026-02-02 22:07:55,284 - configstream.parsers.extraction - WARNING - [-] - [extraction.py:408] - All lines dropped. Reasons: {'missing_protocol_separator': 1}. Samples: ['\x877Å... [missing_protocol_separator]']
2026-02-02 22:07:55,286 - configstream.parsers.extraction - WARNING - [-] - [extraction.py:408] - All lines dropped. Reasons: {'missing_protocol_separator': 1}. Samples: ['"xêHâ\U000b0fbf7\U00072998\U0001a1b2+Èz&... [missing_protocol_separator]']
2026-02-02 22:07:55,287 - configstream.parsers.extraction - WARNING - [-] - [extraction.py:408] - All lines dropped. Reasons: {'missing_protocol_separator': 1}. Samples: ['\U0005c703¥ÃþÞ=... [missing_protocol_separator]']
2026-02-02 22:07:55,289 - configstream.parsers.extraction - WARNING - [-] - [extraction.py:408] - All lines dropped. Reasons: {'missing_protocol_separator': 2}. Samples:[MASKED]@\x9c\U0005c6e8... [missing_protocol_separator]']
2026-02-02 22:07:55,291 - configstream.parsers.extraction - WARNING - [-] - [extraction.py:408] - All lines dropped. Reasons: {'missing_protocol_separator': 1}. Samples: ['\U000b9025m¦þ-... [missing_protocol_separator]']
2026-02-02 22:07:55,292 - configstream.parsers.extraction - WARNING - [-] - [extraction.py:408] - All lines dropped. Reasons: {'missing_protocol_separator': 1}. Samples: ['\U00046aa1i\x97T\U000d0a3d\U0001e9ed~... [missing_protocol_separator]']
2026-02-02 22:07:55,293 - configstream.parsers.extraction - WARNING - [-] - [extraction.py:408] - All lines dropped. Reasons: {'missing_protocol_separator': 1}. Samples: ['Ð\x91±:\U0007a6ebì... [missing_protocol_separator]']
2026-02-02 22:07:55,295 - configstream.parsers.extraction - WARNING - [-] - [extraction.py:408] - All lines dropped. Reasons: {'missing_protocol_separator': 1}. Samples:[MASKED]@RÈõkÖ... [missing_protocol_separator]']
2026-02-02 22:07:55,296 - configstream.parsers.extraction - WARNING - [-] - [extraction.py:408] - All lines dropped. Reasons: {'missing_protocol_separator': 1}. Samples: ['ʇǝɯɐ ʇᴉs ɹolop ɯnsdᴉ ɯǝɹo˥... [missing_protocol_separator]']
2026-02-02 22:07:55,298 - configstream.parsers.extraction - WARNING - [-] - [extraction.py:408] - All lines dropped. Reasons: {'missing_protocol_separator': 1}. Samples: ['ü/,â\x124... [missing_protocol_separator]']
2026-02-02 22:07:55,299 - configstream.parsers.extraction - WARNING - [-] - [extraction.py:408] - All lines dropped. Reasons: {'missing_protocol_separator': 1}. Samples: ['`DÇ\U000807f3... [missing_protocol_separator]']
2026-02-02 22:07:55,300 - configstream.parsers.extraction - WARNING - [-] - [extraction.py:408] - All lines dropped. Reasons: {'missing_protocol_separator': 1}. Samples: ['å[É%... [missing_protocol_separator]']
2026-02-02 22:07:55,301 - configstream.parsers.extraction - WARNING - [-] - [extraction.py:408] - All lines dropped. Reasons: {'missing_protocol_separator': 2}. Samples: ['\U000e06b5\x81r\x8að\x02... [missing_protocol_separator]', '>... [missing_protocol_separator]']
2026-02-02 22:07:55,303 - configstream.parsers.extraction - WARNING - [-] - [extraction.py:408] - All lines dropped. Reasons: {'missing_protocol_separator': 1}. Samples: ['tÊ2\U000d3aa6Y7¡\U000da1a3k... [missing_protocol_separator]']
2026-02-02 22:07:55,304 - configstream.parsers.extraction - WARNING - [-] - [extraction.py:408] - All lines dropped. Reasons: {'missing_protocol_separator': 1}. Samples: ['ÆC\x8b\x07D... [missing_protocol_separator]']
2026-02-02 22:07:55,305 - configstream.parsers.extraction - WARNING - [-] - [extraction.py:408] - All lines dropped. Reasons: {'missing_protocol_separator': 1}. Samples: ['\x80eèÃ... [missing_protocol_separator]']
2026-02-02 22:07:55,307 - configstream.parsers.extraction - WARNING - [-] - [extraction.py:408] - All lines dropped. Reasons: {'missing_protocol_separator': 1}. Samples: ['$z𫐨¾R~... [missing_protocol_separator]']
2026-02-02 22:07:55,308 - configstream.parsers.extraction - WARNING - [-] - [extraction.py:408] - All lines dropped. Reasons: {'missing_protocol_separator': 1}. Samples: ['¯\U00046a25=ë\U000ffe94µi\x02¿\U000ee818«... [missing_protocol_separator]']
2026-02-02 22:07:55,310 - configstream.parsers.extraction - WARNING - [-] - [extraction.py:408] - All lines dropped. Reasons: {'missing_protocol_separator': 1}. Samples: ["\x02Éä4\x82\U000fb7c1'\U00077f2e... [missing_protocol_separator]"]
2026-02-02 22:07:55,311 - configstream.parsers.extraction - WARNING - [-] - [extraction.py:408] - All lines dropped. Reasons: {'missing_protocol_separator': 2}. Samples: ['R... [missing_protocol_separator]', '\U0006ca93\x19\U000a3cc8\U000e754d... [missing_protocol_separator]']
2026-02-02 22:07:55,312 - configstream.parsers.extraction - WARNING - [-] - [extraction.py:408] - All lines dropped. Reasons: {'missing_protocol_separator': 1}. Samples: ['\U000939a5P... [missing_protocol_separator]']
2026-02-02 22:07:55,314 - configstream.parsers.extraction - WARNING - [-] - [extraction.py:408] - All lines dropped. Reasons: {'missing_protocol_separator': 1}. Samples: ['\U00018e8e¦\U0007fc4cÆ\U000a5356ÞÜ... [missing_protocol_separator]']
2026-02-02 22:07:55,315 - configstream.parsers.extraction - WARNING - [-] - [extraction.py:408] - All lines dropped. Reasons: {'missing_protocol_separator': 1}. Samples: ['³\x8a... [missing_protocol_separator]']
2026-02-02 22:07:55,316 - configstream.parsers.extraction - WARNING - [-] - [extraction.py:408] - All lines dropped. Reasons: {'missing_protocol_separator': 2}. Samples: ['\U0001cb7a\x80Ñ¢... [missing_protocol_separator]', '\x87¢... [missing_protocol_separator]']
2026-02-02 22:07:55,317 - configstream.parsers.extraction - WARNING - [-] - [extraction.py:408] - All lines dropped. Reasons: {'missing_protocol_separator': 1}. Samples: ['\x18Î\U000aebaa... [missing_protocol_separator]']
2026-02-02 22:07:55,319 - configstream.parsers.extraction - WARNING - [-] - [extraction.py:408] - All lines dropped. Reasons: {'missing_protocol_separator': 1}. Samples: ['\x03詳\U000b9918\x8cT... [missing_protocol_separator]']
2026-02-02 22:07:55,321 - configstream.parsers.extraction - WARNING - [-] - [extraction.py:408] - All lines dropped. Reasons: {'missing_protocol_separator': 1}. Samples: ['û... [missing_protocol_separator]']
2026-02-02 22:07:55,323 - configstream.parsers.extraction - WARNING - [-] - [extraction.py:408] - All lines dropped. Reasons: {'missing_protocol_separator': 1}. Samples: ['\x95\U0010ff94\x10\U00051df2\x81... [missing_protocol_separator]']
2026-02-02 22:07:55,324 - configstream.parsers.extraction - WARNING - [-] - [extraction.py:408] - All lines dropped. Reasons: {'missing_protocol_separator': 1}. Samples: ['\U000d2297... [missing_protocol_separator]']
2026-02-02 22:07:55,325 - configstream.parsers.extraction - WARNING - [-] - [extraction.py:408] - All lines dropped. Reasons: {'missing_protocol_separator': 1}. Samples: ['þ... [missing_protocol_separator]']
2026-02-02 22:07:55,327 - configstream.parsers.extraction - WARNING - [-] - [extraction.py:408] - All lines dropped. Reasons: {'missing_protocol_separator': 1}. Samples: ['o#\U0009cc19\U000f4c45... [missing_protocol_separator]']
2026-02-02 22:07:55,328 - configstream.parsers.extraction - WARNING - [-] - [extraction.py:408] - All lines dropped. Reasons: {'missing_protocol_separator': 1}. Samples: ['ð¶K𨽜A... [missing_protocol_separator]']
2026-02-02 22:07:55,329 - configstream.parsers.extraction - WARNING - [-] - [extraction.py:408] - All lines dropped. Reasons: {'missing_protocol_separator': 1}. Samples: [')\x03\x84... [missing_protocol_separator]']
2026-02-02 22:07:55,331 - configstream.parsers.extraction - WARNING - [-] - [extraction.py:408] - All lines dropped. Reasons: {'missing_protocol_separator': 1}. Samples: ['\x9bº%Ê÷... [missing_protocol_separator]']
2026-02-02 22:07:55,332 - configstream.parsers.extraction - WARNING - [-] - [extraction.py:408] - All lines dropped. Reasons: {'missing_protocol_separator': 1}. Samples: ['\U000b9c51... [missing_protocol_separator]']
2026-02-02 22:07:55,333 - configstream.parsers.extraction - WARNING - [-] - [extraction.py:408] - All lines dropped. Reasons: {'missing_protocol_separator': 1}. Samples: ['>\x8e\U00066da0... [missing_protocol_separator]']
2026-02-02 22:07:55,334 - configstream.parsers.extraction - WARNING - [-] - [extraction.py:408] - All lines dropped. Reasons: {'missing_protocol_separator': 1}. Samples: ['C¿\x86?ÝÜ]... [missing_protocol_separator]']
2026-02-02 22:07:55,336 - configstream.parsers.extraction - WARNING - [-] - [extraction.py:408] - All lines dropped. Reasons: {'missing_protocol_separator': 1}. Samples: ['Î¦\x1a!\U000640f4èS¯âí\U000663b8\U00015cd0\U000d0c12\U0010a0e6\t\x958첧ºcy\U000c5b26êOÂ-\x1fü´t... [missing_protocol_separator]']
2026-02-02 22:07:55,338 - configstream.parsers.extraction - WARNING - [-] - [extraction.py:408] - All lines dropped. Reasons: {'missing_protocol_separator': 1}. Samples: ['Ä\x97... [missing_protocol_separator]']
2026-02-02 22:07:55,339 - configstream.parsers.extraction - WARNING - [-] - [extraction.py:408] - All lines dropped. Reasons: {'missing_protocol_separator': 1}. Samples: ['É\x82𨛖\U001066b3m±ð\x00ø... [missing_protocol_separator]']
2026-02-02 22:07:55,340 - configstream.parsers.extraction - WARNING - [-] - [extraction.py:408] - All lines dropped. Reasons: {'missing_protocol_separator': 1}. Samples:[MASKED]@8~... [missing_protocol_separator]']
2026-02-02 22:07:55,342 - configstream.parsers.extraction - WARNING - [-] - [extraction.py:408] - All lines dropped. Reasons: {'missing_protocol_separator': 1}. Samples: ['Í4¥... [missing_protocol_separator]']
2026-02-02 22:07:55,343 - configstream.parsers.extraction - WARNING - [-] - [extraction.py:408] - All lines dropped. Reasons: {'missing_protocol_separator': 1}. Samples: ['yø)\x1a\x81n\x06\U00039397Î\U000f5236I\x9eX... [missing_protocol_separator]']
2026-02-02 22:07:55,344 - configstream.parsers.extraction - WARNING - [-] - [extraction.py:408] - All lines dropped. Reasons: {'missing_protocol_separator': 1}. Samples: ['\x1b... [missing_protocol_separator]']
2026-02-02 22:07:55,345 - configstream.parsers.extraction - WARNING - [-] - [extraction.py:408] - All lines dropped. Reasons: {'missing_protocol_separator': 1}. Samples: ['³êä... [missing_protocol_separator]']
2026-02-02 22:07:55,347 - configstream.parsers.extraction - WARNING - [-] - [extraction.py:408] - All lines dropped. Reasons: {'missing_protocol_separator': 1}. Samples: ['這\x800ì... [missing_protocol_separator]']
2026-02-02 22:07:55,348 - configstream.parsers.extraction - WARNING - [-] - [extraction.py:408] - All lines dropped. Reasons: {'missing_protocol_separator': 1}. Samples: ['\x87¦ÿ0O... [missing_protocol_separator]']
2026-02-02 22:07:55,349 - configstream.parsers.extraction - WARNING - [-] - [extraction.py:408] - All lines dropped. Reasons: {'missing_protocol_separator': 1}. Samples: ['UÀ±\U000d8f9e±... [missing_protocol_separator]']
2026-02-02 22:07:55,351 - configstream.parsers.extraction - WARNING - [-] - [extraction.py:408] - All lines dropped. Reasons: {'missing_protocol_separator': 1}. Samples: ['\U000bf345... [missing_protocol_separator]']
2026-02-02 22:07:55,352 - configstream.parsers.extraction - WARNING - [-] - [extraction.py:408] - All lines dropped. Reasons: {'missing_protocol_separator': 1}. Samples: ['-... [missing_protocol_separator]']
2026-02-02 22:07:55,354 - configstream.parsers.extraction - WARNING - [-] - [extraction.py:408] - All lines dropped. Reasons: {'missing_protocol_separator': 1}. Samples: ['𢝾Ä\U000677d3õ\U0009e336\U0005a52dÁ$Dú\x11®UP랻\U000cdc91\x9dmT\U0008de23g0\x9a¥... [missing_protocol_separator]']
2026-02-02 22:07:55,355 - configstream.parsers.extraction - WARNING - [-] - [extraction.py:408] - All lines dropped. Reasons: {'missing_protocol_separator': 1}. Samples: ['Û®lÙ\x8b\U0010d3c5Fz... [missing_protocol_separator]']
2026-02-02 22:07:55,357 - configstream.parsers.extraction - WARNING - [-] - [extraction.py:408] - All lines dropped. Reasons: {'missing_protocol_separator': 1}. Samples: ['"7ó1\U000af311\U000fbedc... [missing_protocol_separator]']
2026-02-02 22:07:55,358 - configstream.parsers.extraction - WARNING - [-] - [extraction.py:408] - All lines dropped. Reasons: {'missing_protocol_separator': 2}. Samples: ['`1\x00wÊv\x90#\x1aè\U0009ce07\x8d\x04... [missing_protocol_separator]', '\U000481826´þ... [missing_protocol_separator]']
2026-02-02 22:07:55,359 - configstream.parsers.extraction - WARNING - [-] - [extraction.py:408] - All lines dropped. Reasons: {'missing_protocol_separator': 1}. Samples: ['ìÖÀ\U000a7663Tìy\x87Qæ¡... [missing_protocol_separator]']
2026-02-02 22:07:55,361 - configstream.parsers.extraction - WARNING - [-] - [extraction.py:408] - All lines dropped. Reasons: {'missing_protocol_separator': 1}. Samples:[MASKED]@\U000c26d9\x05\x8d9\x93,T... [missing_protocol_separator]']
2026-02-02 22:07:55,362 - configstream.parsers.extraction - WARNING - [-] - [extraction.py:408] - All lines dropped. Reasons: {'missing_protocol_separator': 1}. Samples: ['\U0005d6b4\U000eb466\x11\x8f\x9dIi,!e... [missing_protocol_separator]']
2026-02-02 22:07:55,363 - configstream.parsers.extraction - WARNING - [-] - [extraction.py:408] - All lines dropped. Reasons: {'missing_protocol_separator': 1}. Samples: ['\x87... [missing_protocol_separator]']
2026-02-02 22:07:55,365 - configstream.parsers.extraction - WARNING - [-] - [extraction.py:408] - All lines dropped. Reasons: {'missing_protocol_separator': 1}. Samples: ['\x14#¶e\x9c... [missing_protocol_separator]']
2026-02-02 22:07:55,366 - configstream.parsers.extraction - WARNING - [-] - [extraction.py:408] - All lines dropped. Reasons: {'missing_protocol_separator': 1}. Samples: ['-\U0005f62a... [missing_protocol_separator]']
2026-02-02 22:07:55,367 - configstream.parsers.extraction - WARNING - [-] - [extraction.py:408] - All lines dropped. Reasons: {'missing_protocol_separator': 1}. Samples: ['\x95\x0f\U000711bfL\x1a... [missing_protocol_separator]']
2026-02-02 22:07:55,368 - configstream.parsers.extraction - WARNING - [-] - [extraction.py:408] - All lines dropped. Reasons: {'missing_protocol_separator': 1}. Samples: ['\x86... [missing_protocol_separator]']
2026-02-02 22:07:55,370 - configstream.parsers.extraction - WARNING - [-] - [extraction.py:408] - All lines dropped. Reasons: {'missing_protocol_separator': 1}. Samples: ['5B... [missing_protocol_separator]']
2026-02-02 22:07:55,371 - configstream.parsers.extraction - WARNING - [-] - [extraction.py:408] - All lines dropped. Reasons: {'missing_protocol_separator': 1}. Samples: ['\U0005923a... [missing_protocol_separator]']
2026-02-02 22:07:55,372 - configstream.parsers.extraction - WARNING - [-] - [extraction.py:408] - All lines dropped. Reasons: {'missing_protocol_separator': 1}. Samples: ['\x9f\x88Ì#... [missing_protocol_separator]']
2026-02-02 22:07:55,374 - configstream.parsers.extraction - WARNING - [-] - [extraction.py:408] - All lines dropped. Reasons: {'missing_protocol_separator': 1}. Samples: ['aÙ... [missing_protocol_separator]']
2026-02-02 22:07:55,375 - configstream.parsers.extraction - WARNING - [-] - [extraction.py:408] - All lines dropped. Reasons: {'missing_protocol_separator': 1}. Samples: ['ñ... [missing_protocol_separator]']
2026-02-02 22:07:55,376 - configstream.parsers.extraction - WARNING - [-] - [extraction.py:408] - All lines dropped. Reasons: {'missing_protocol_separator': 1}. Samples: ["'ÝT%9\U00066c3aV\x95\U0005ae5e±£\x13<... [missing_protocol_separator]"]
2026-02-02 22:07:55,378 - configstream.parsers.extraction - WARNING - [-] - [extraction.py:408] - All lines dropped. Reasons: {'missing_protocol_separator': 1}. Samples: ['ß\U000a64c9À... [missing_protocol_separator]']
2026-02-02 22:07:55,379 - configstream.parsers.extraction - WARNING - [-] - [extraction.py:408] - All lines dropped. Reasons: {'missing_protocol_separator': 1}. Samples: ['Ì\x10... [missing_protocol_separator]']
2026-02-02 22:07:55,380 - configstream.parsers.extraction - WARNING - [-] - [extraction.py:408] - All lines dropped. Reasons: {'missing_protocol_separator': 2}. Samples: ['à\x87I\x98[\x95\U00082accÄÎ\U000af92e"¶\x0eh... [missing_protocol_separator]', 'mÂ\x9e... [missing_protocol_separator]']
2026-02-02 22:07:55,382 - configstream.parsers.extraction - WARNING - [-] - [extraction.py:408] - All lines dropped. Reasons: {'missing_protocol_separator': 1}. Samples: ['%u\x9aÞ\U0005e078\x82\\... [missing_protocol_separator]']
2026-02-02 22:07:55,383 - configstream.parsers.extraction - WARNING - [-] - [extraction.py:408] - All lines dropped. Reasons: {'missing_protocol_separator': 1}. Samples: ['Q\U000c1896É\x1a\x07|\U000470a2°²\x1aç... [missing_protocol_separator]']
2026-02-02 22:07:55,384 - configstream.parsers.extraction - WARNING - [-] - [extraction.py:408] - All lines dropped. Reasons: {'missing_protocol_separator': 1}. Samples: ['õ... [missing_protocol_separator]']
2026-02-02 22:07:55,386 - configstream.parsers.extraction - WARNING - [-] - [extraction.py:408] - All lines dropped. Reasons: {'missing_protocol_separator': 1}. Samples: ['ïb>å\x16... [missing_protocol_separator]']
2026-02-02 22:07:55,387 - configstream.parsers.extraction - WARNING - [-] - [extraction.py:408] - All lines dropped. Reasons: {'missing_protocol_separator': 1}. Samples: ['[£_... [missing_protocol_separator]']
2026-02-02 22:07:55,388 - configstream.parsers.extraction - WARNING - [-] - [extraction.py:408] - All lines dropped. Reasons: {'missing_protocol_separator': 1}. Samples: ['\x13... [missing_protocol_separator]']
2026-02-02 22:07:55,389 - configstream.parsers.extraction - WARNING - [-] - [extraction.py:408] - All lines dropped. Reasons: {'missing_protocol_separator': 1}. Samples: ['\U0009c743... [missing_protocol_separator]']
2026-02-02 22:07:55,391 - configstream.parsers.extraction - WARNING - [-] - [extraction.py:408] - All lines dropped. Reasons: {'missing_protocol_separator': 2}. Samples: ['©... [missing_protocol_separator]', '\U000d58d7Yõöô\U0005a666\U000e1550dw... [missing_protocol_separator]']
2026-02-02 22:07:55,392 - configstream.parsers.extraction - WARNING - [-] - [extraction.py:408] - All lines dropped. Reasons: {'missing_protocol_separator': 1}. Samples:[MASKED]@3\x96w\x01\x96\U000f2274õ... [missing_protocol_separator]']
2026-02-02 22:07:55,394 - configstream.parsers.extraction - WARNING - [-] - [extraction.py:408] - All lines dropped. Reasons: {'missing_protocol_separator': 1}. Samples: ['7𐛌\U0004d3d6^\x1a¶\U000abfd0sÚ\x86ô\x04¥\x86U... [missing_protocol_separator]']
2026-02-02 22:07:55,395 - configstream.parsers.extraction - WARNING - [-] - [extraction.py:408] - All lines dropped. Reasons: {'missing_protocol_separator': 1}. Samples: ['ì=... [missing_protocol_separator]']
2026-02-02 22:07:55,396 - configstream.parsers.extraction - WARNING - [-] - [extraction.py:408] - All lines dropped. Reasons: {'missing_protocol_separator': 1}. Samples: ['/Á... [missing_protocol_separator]']
2026-02-02 22:07:55,397 - configstream.parsers.extraction - WARNING - [-] - [extraction.py:408] - All lines dropped. Reasons: {'missing_protocol_separator': 1}. Samples: ['e... [missing_protocol_separator]']
2026-02-02 22:07:55,398 - configstream.parsers.extraction - WARNING - [-] - [extraction.py:408] - All lines dropped. Reasons: {'missing_protocol_separator': 1}. Samples: ['Ö\U000d432c... [missing_protocol_separator]']
2026-02-02 22:07:55,402 - configstream.parsers.extraction - WARNING - [-] - [extraction.py:408] - All lines dropped. Reasons: {'missing_protocol_separator': 1}. Samples: ['T¼¤N?\U000468ebÅ\x19Á\U0001baaa\x84O\x01Z\U000a371d𩉖-\U000b539a\U000d3205... [missing_protocol_separator]']
2026-02-02 22:07:55,403 - configstream.parsers.extraction - WARNING - [-] - [extraction.py:408] - All lines dropped. Reasons: {'missing_protocol_separator': 1}. Samples: ['m... [missing_protocol_separator]']
2026-02-02 22:07:55,405 - configstream.parsers.extraction - WARNING - [-] - [extraction.py:408] - All lines dropped. Reasons: {'missing_protocol_separator': 1}. Samples: ['Ûz... [missing_protocol_separator]']
2026-02-02 22:07:55,406 - configstream.parsers.extraction - WARNING - [-] - [extraction.py:408] - All lines dropped. Reasons: {'missing_protocol_separator': 1}. Samples: ['Î\x92\U00074662... [missing_protocol_separator]']
2026-02-02 22:07:55,407 - configstream.parsers.extraction - WARNING - [-] - [extraction.py:408] - All lines dropped. Reasons: {'missing_protocol_separator': 1}. Samples: ['¯É... [missing_protocol_separator]']
2026-02-02 22:07:55,409 - configstream.parsers.extraction - WARNING - [-] - [extraction.py:408] - All lines dropped. Reasons: {'missing_protocol_separator': 1}. Samples: ['Û\U000548d1J(·... [missing_protocol_separator]']
2026-02-02 22:07:55,410 - configstream.parsers.extraction - WARNING - [-] - [extraction.py:408] - All lines dropped. Reasons: {'missing_protocol_separator': 2}. Samples: ['ªV... [missing_protocol_separator]', '¿]HÒ\U00063bb5... [missing_protocol_separator]']
2026-02-02 22:07:55,411 - configstream.parsers.extraction - WARNING - [-] - [extraction.py:408] - All lines dropped. Reasons: {'missing_protocol_separator': 1}. Samples: ['t\x8a»... [missing_protocol_separator]']
2026-02-02 22:07:55,413 - configstream.parsers.extraction - WARNING - [-] - [extraction.py:408] - All lines dropped. Reasons: {'missing_protocol_separator': 1}. Samples: ['~Å2ò... [missing_protocol_separator]']
2026-02-02 22:07:55,414 - configstream.parsers.extraction - WARNING - [-] - [extraction.py:408] - All lines dropped. Reasons: {'missing_protocol_separator': 1}. Samples: ['\U000f7d0a\U00108adf¡... [missing_protocol_separator]']
2026-02-02 22:07:55,415 - configstream.parsers.extraction - WARNING - [-] - [extraction.py:408] - All lines dropped. Reasons: {'missing_protocol_separator': 1}. Samples: ['´=\xa04åqËóß... [missing_protocol_separator]']
2026-02-02 22:07:55,417 - configstream.parsers.extraction - WARNING - [-] - [extraction.py:408] - All lines dropped. Reasons: {'missing_protocol_separator': 1}. Samples: ['\U000333f9}... [missing_protocol_separator]']
2026-02-02 22:07:55,418 - configstream.parsers.extraction - WARNING - [-] - [extraction.py:408] - All lines dropped. Reasons: {'missing_protocol_separator': 1}. Samples: [']\U000bb969\U000a5487¤... [missing_protocol_separator]']
2026-02-02 22:07:55,419 - configstream.parsers.extraction - WARNING - [-] - [extraction.py:408] - All lines dropped. Reasons: {'missing_protocol_separator': 1}. Samples: ['½¢... [missing_protocol_separator]']
2026-02-02 22:07:55,421 - configstream.parsers.extraction - WARNING - [-] - [extraction.py:408] - All lines dropped. Reasons: {'missing_protocol_separator': 1}. Samples: ["'T\x15éò\U00050f32¡\x14\x81\U000c7131... [missing_protocol_separator]"]
2026-02-02 22:07:55,422 - configstream.parsers.extraction - WARNING - [-] - [extraction.py:408] - All lines dropped. Reasons: {'missing_protocol_separator': 1}. Samples: ['Õ»\x84»... [missing_protocol_separator]']
2026-02-02 22:07:55,423 - configstream.parsers.extraction - WARNING - [-] - [extraction.py:408] - All lines dropped. Reasons: {'missing_protocol_separator': 1}. Samples: ['\U000b6d02\x88ìîà... [missing_protocol_separator]']
2026-02-02 22:07:55,424 - configstream.parsers.extraction - WARNING - [-] - [extraction.py:408] - All lines dropped. Reasons: {'missing_protocol_separator': 2}. Samples: ['\x1aº... [missing_protocol_separator]', '\U0005ea0f\U000fb33cßé¶\x1fp... [missing_protocol_separator]']
2026-02-02 22:07:55,426 - configstream.parsers.extraction - WARNING - [-] - [extraction.py:408] - All lines dropped. Reasons: {'missing_protocol_separator': 1}. Samples: ['=I®?... [missing_protocol_separator]']
2026-02-02 22:07:55,427 - configstream.parsers.extraction - WARNING - [-] - [extraction.py:408] - All lines dropped. Reasons: {'missing_protocol_separator': 1}. Samples: ['§D\U0008e16a\x05\x96... [missing_protocol_separator]']
2026-02-02 22:07:55,429 - configstream.parsers.extraction - WARNING - [-] - [extraction.py:408] - All lines dropped. Reasons: {'missing_protocol_separator': 1}. Samples: ['\U00034c19½]¯... [missing_protocol_separator]']
2026-02-02 22:07:55,430 - configstream.parsers.extraction - WARNING - [-] - [extraction.py:408] - All lines dropped. Reasons: {'missing_protocol_separator': 1}. Samples: ['\U000728ed¹I... [missing_protocol_separator]']
2026-02-02 22:07:55,431 - configstream.parsers.extraction - WARNING - [-] - [extraction.py:408] - All lines dropped. Reasons: {'missing_protocol_separator': 1}. Samples: ['çä... [missing_protocol_separator]']
2026-02-02 22:07:55,432 - configstream.parsers.extraction - WARNING - [-] - [extraction.py:408] - All lines dropped. Reasons: {'missing_protocol_separator': 1}. Samples: ['\U000519cd\tä... [missing_protocol_separator]']
2026-02-02 22:07:55,434 - configstream.parsers.extraction - WARNING - [-] - [extraction.py:408] - All lines dropped. Reasons: {'missing_protocol_separator': 1}. Samples: ['³\U0005aca4\x13ôèäÉ... [missing_protocol_separator]']
2026-02-02 22:07:55,435 - configstream.parsers.extraction - WARNING - [-] - [extraction.py:408] - All lines dropped. Reasons: {'missing_protocol_separator': 1}. Samples: ['»\x10\x089\U000c20d6\x0f... [missing_protocol_separator]']
2026-02-02 22:07:55,436 - configstream.parsers.extraction - WARNING - [-] - [extraction.py:408] - All lines dropped. Reasons: {'missing_protocol_separator': 1}. Samples: ['\x16... [missing_protocol_separator]']
2026-02-02 22:07:55,438 - configstream.parsers.extraction - WARNING - [-] - [extraction.py:408] - All lines dropped. Reasons: {'missing_protocol_separator': 1}. Samples: ['C\x87\x1a\U000c8ca2\x98a_\U000c27b2ÏA\U000e6e9b... [missing_protocol_separator]']
2026-02-02 22:07:55,440 - configstream.parsers.extraction - WARNING - [-] - [extraction.py:408] - All lines dropped. Reasons: {'missing_protocol_separator': 1}. Samples: ['0dÇ... [missing_protocol_separator]']
2026-02-02 22:07:55,441 - configstream.parsers.extraction - WARNING - [-] - [extraction.py:408] - All lines dropped. Reasons: {'missing_protocol_separator': 1}. Samples: ['Ê§... [missing_protocol_separator]']
2026-02-02 22:07:55,442 - configstream.parsers.extraction - WARNING - [-] - [extraction.py:408] - All lines dropped. Reasons: {'missing_protocol_separator': 1}. Samples: ['\U000bad7b\x9eò... [missing_protocol_separator]']
2026-02-02 22:07:55,444 - configstream.parsers.extraction - WARNING - [-] - [extraction.py:408] - All lines dropped. Reasons: {'missing_protocol_separator': 1}. Samples: ['\x11$)x\x80... [missing_protocol_separator]']
2026-02-02 22:07:55,445 - configstream.parsers.extraction - WARNING - [-] - [extraction.py:408] - All lines dropped. Reasons: {'missing_protocol_separator': 1}. Samples: ['Á>äz·|... [missing_protocol_separator]']
2026-02-02 22:07:55,446 - configstream.parsers.extraction - WARNING - [-] - [extraction.py:408] - All lines dropped. Reasons: {'missing_protocol_separator': 1}. Samples: ['1à𥆜\t\U0010a21d\x96ipÙ\xa0xÆ´鄍... [missing_protocol_separator]']
2026-02-02 22:07:55,448 - configstream.parsers.extraction - WARNING - [-] - [extraction.py:408] - All lines dropped. Reasons: {'missing_protocol_separator': 1}. Samples: ['Þ... [missing_protocol_separator]']
2026-02-02 22:07:55,449 - configstream.parsers.extraction - WARNING - [-] - [extraction.py:408] - All lines dropped. Reasons: {'missing_protocol_separator': 1}. Samples: ['7£JI<þ\U0003b2f9ð\x13... [missing_protocol_separator]']
2026-02-02 22:07:55,450 - configstream.parsers.extraction - WARNING - [-] - [extraction.py:408] - All lines dropped. Reasons: {'missing_protocol_separator': 1}. Samples: ['_\x13\U000b3a08\x0fU... [missing_protocol_separator]']
2026-02-02 22:07:55,452 - configstream.parsers.extraction - WARNING - [-] - [extraction.py:408] - All lines dropped. Reasons: {'missing_protocol_separator': 1}. Samples: ['[\U00090ddav\U000398b5z... [missing_protocol_separator]']
2026-02-02 22:07:55,453 - configstream.parsers.extraction - WARNING - [-] - [extraction.py:408] - All lines dropped. Reasons: {'missing_protocol_separator': 1}. Samples: ['°ñ²... [missing_protocol_separator]']
2026-02-02 22:07:55,454 - configstream.parsers.extraction - WARNING - [-] - [extraction.py:408] - All lines dropped. Reasons: {'missing_protocol_separator': 1}. Samples: ['Ò... [missing_protocol_separator]']
2026-02-02 22:07:55,456 - configstream.parsers.extraction - WARNING - [-] - [extraction.py:408] - All lines dropped. Reasons: {'missing_protocol_separator': 1}. Samples: ['G\U000f23dd... [missing_protocol_separator]']
2026-02-02 22:07:55,457 - configstream.parsers.extraction - WARNING - [-] - [extraction.py:408] - All lines dropped. Reasons: {'missing_protocol_separator': 1}. Samples: ['𮈵\ty\x1b\U000d6411¬... [missing_protocol_separator]']
2026-02-02 22:07:55,458 - configstream.parsers.extraction - WARNING - [-] - [extraction.py:408] - All lines dropped. Reasons: {'missing_protocol_separator': 1}. Samples: ['ÄÀÍ... [missing_protocol_separator]']
2026-02-02 22:07:55,460 - configstream.parsers.extraction - WARNING - [-] - [extraction.py:408] - All lines dropped. Reasons: {'missing_protocol_separator': 1}. Samples: ['d|... [missing_protocol_separator]']
2026-02-02 22:07:55,461 - configstream.parsers.extraction - WARNING - [-] - [extraction.py:408] - All lines dropped. Reasons: {'missing_protocol_separator': 1}. Samples: ['Ä²\x8c·\x8a\x9a±\U0005ecfa\x7f\x00\x02í\U000ad0ac... [missing_protocol_separator]']
2026-02-02 22:07:55,462 - configstream.parsers.extraction - WARNING - [-] - [extraction.py:408] - All lines dropped. Reasons: {'missing_protocol_separator': 1}. Samples: ['Â\x0f½Ã... [missing_protocol_separator]']
2026-02-02 22:07:55,464 - configstream.parsers.extraction - WARNING - [-] - [extraction.py:408] - All lines dropped. Reasons: {'missing_protocol_separator': 1}. Samples: ['\U0003900b\x13K... [missing_protocol_separator]']
2026-02-02 22:07:55,465 - configstream.parsers.extraction - WARNING - [-] - [extraction.py:408] - All lines dropped. Reasons: {'missing_protocol_separator': 1}. Samples: ['gr\U00085e49b\x8a\U00063df3û... [missing_protocol_separator]']
2026-02-02 22:07:55,466 - configstream.parsers.extraction - WARNING - [-] - [extraction.py:408] - All lines dropped. Reasons: {'missing_protocol_separator': 1}. Samples: ['\x1b¾... [missing_protocol_separator]']
2026-02-02 22:07:55,467 - configstream.parsers.extraction - WARNING - [-] - [extraction.py:408] - All lines dropped. Reasons: {'missing_protocol_separator': 1}. Samples: ['Áì... [missing_protocol_separator]']
2026-02-02 22:07:55,469 - configstream.parsers.extraction - WARNING - [-] - [extraction.py:408] - All lines dropped. Reasons: {'missing_protocol_separator': 1}. Samples: [';\x06... [missing_protocol_separator]']
2026-02-02 22:07:55,470 - configstream.parsers.extraction - WARNING - [-] - [extraction.py:408] - All lines dropped. Reasons: {'missing_protocol_separator': 1}. Samples: ['M\U0009d664M𧴳Hw¢Z#Ý\x14NCA]\x10¥... [missing_protocol_separator]']
2026-02-02 22:07:55,473 - configstream.parsers.extraction - WARNING - [-] - [extraction.py:408] - All lines dropped. Reasons: {'missing_protocol_separator': 1}. Samples: ['8\x93Ä\x14\xad\U0004f7ebú_>»«... [missing_protocol_separator]']
2026-02-02 22:07:55,474 - configstream.parsers.extraction - WARNING - [-] - [extraction.py:408] - All lines dropped. Reasons: {'missing_protocol_separator': 1}. Samples: ['3:... [missing_protocol_separator]']
2026-02-02 22:07:55,475 - configstream.parsers.extraction - WARNING - [-] - [extraction.py:408] - All lines dropped. Reasons: {'missing_protocol_separator': 1}. Samples: ['authorization... [missing_protocol_separator]']
2026-02-02 22:07:55,476 - configstream.parsers.extraction - WARNING - [-] - [extraction.py:408] - All lines dropped. Reasons: {'missing_protocol_separator': 1}. Samples: ['\x97¹] \x88û... [missing_protocol_separator]']
2026-02-02 22:07:55,478 - configstream.parsers.extraction - WARNING - [-] - [extraction.py:408] - All lines dropped. Reasons: {'missing_protocol_separator': 1}. Samples: ['¨\U000469ebN... [missing_protocol_separator]']
2026-02-02 22:07:55,479 - configstream.parsers.extraction - WARNING - [-] - [extraction.py:408] - All lines dropped. Reasons: {'missing_protocol_separator': 1}. Samples: ['Ⱥ... [missing_protocol_separator]']
2026-02-02 22:07:55,480 - configstream.parsers.extraction - WARNING - [-] - [extraction.py:408] - All lines dropped. Reasons: {'missing_protocol_separator': 1}. Samples: ['lsæ... [missing_protocol_separator]']
2026-02-02 22:07:55,481 - configstream.parsers.extraction - WARNING - [-] - [extraction.py:408] - All lines dropped. Reasons: {'missing_protocol_separator': 1}. Samples: ['¢.·... [missing_protocol_separator]']
2026-02-02 22:07:55,483 - configstream.parsers.extraction - WARNING - [-] - [extraction.py:408] - All lines dropped. Reasons: {'missing_protocol_separator': 1}. Samples: ['\x1bó\U0006e40aã... [missing_protocol_separator]']
2026-02-02 22:07:55,484 - configstream.parsers.extraction - WARNING - [-] - [extraction.py:408] - All lines dropped. Reasons: {'missing_protocol_separator': 1}. Samples: [',\x0fWu\x99\U000bda73\x8a... [missing_protocol_separator]']
2026-02-02 22:07:55,486 - configstream.parsers.extraction - WARNING - [-] - [extraction.py:408] - All lines dropped. Reasons: {'missing_protocol_separator': 1}. Samples: ['Dê\x14\x16*Iç\x7f\U000baa5fK\x9c\x84... [missing_protocol_separator]']
2026-02-02 22:07:55,487 - configstream.parsers.extraction - WARNING - [-] - [extraction.py:408] - All lines dropped. Reasons: {'missing_protocol_separator': 1}. Samples: ['F\U000eaa35\x82... [missing_protocol_separator]']
2026-02-02 22:07:55,488 - configstream.parsers.extraction - WARNING - [-] - [extraction.py:408] - All lines dropped. Reasons: {'missing_protocol_separator': 1}. Samples: ['ÂÁ×[\x0fs÷Pu\x11Ì... [missing_protocol_separator]']
2026-02-02 22:07:55,489 - configstream.parsers.extraction - WARNING - [-] - [extraction.py:408] - All lines dropped. Reasons: {'missing_protocol_separator': 1}. Samples: ['î§c$... [missing_protocol_separator]']
2026-02-02 22:07:55,491 - configstream.parsers.extraction - WARNING - [-] - [extraction.py:408] - All lines dropped. Reasons: {'missing_protocol_separator': 1}. Samples: ['\x11r\x13... [missing_protocol_separator]']
2026-02-02 22:07:55,492 - configstream.parsers.extraction - WARNING - [-] - [extraction.py:408] - All lines dropped. Reasons: {'missing_protocol_separator': 1}. Samples: [':... [missing_protocol_separator]']
2026-02-02 22:07:55,493 - configstream.parsers.extraction - WARNING - [-] - [extraction.py:408] - All lines dropped. Reasons: {'missing_protocol_separator': 1}. Samples: ['=>𖣞Ð=\x11... [missing_protocol_separator]']
2026-02-02 22:07:55,494 - configstream.parsers.extraction - WARNING - [-] - [extraction.py:408] - All lines dropped. Reasons: {'missing_protocol_separator': 1}. Samples: ['0..0... [missing_protocol_separator]']
2026-02-02 22:07:55,496 - configstream.parsers.extraction - WARNING - [-] - [extraction.py:408] - All lines dropped. Reasons: {'missing_protocol_separator': 2}. Samples: ['\U000accdbsÊ\U0003e0f2... [missing_protocol_separator]', '\x8eä\U00088010*\U000bd92f\\\x13𪞋èþÒ\U000d7553r\U00072068\U000e8cc4\U0001b14b\U000a18c0\x97ë... [missing_protocol_separator]']
2026-02-02 22:07:55,498 - configstream.parsers.extraction - WARNING - [-] - [extraction.py:408] - All lines dropped. Reasons: {'missing_protocol_separator': 2}. Samples: ['~\U0003db54]¥Ñ\x8f... [missing_protocol_separator]', 'mËò\x91... [missing_protocol_separator]']
2026-02-02 22:07:55,499 - configstream.parsers.extraction - WARNING - [-] - [extraction.py:408] - All lines dropped. Reasons: {'missing_protocol_separator': 1}. Samples: ['n.\U000731f3... [missing_protocol_separator]']
2026-02-02 22:07:55,500 - configstream.parsers.extraction - WARNING - [-] - [extraction.py:408] - All lines dropped. Reasons: {'missing_protocol_separator': 1}. Samples: ['𤻼1\x00f... [missing_protocol_separator]']
2026-02-02 22:07:55,502 - configstream.parsers.extraction - WARNING - [-] - [extraction.py:408] - All lines dropped. Reasons: {'missing_protocol_separator': 1}. Samples: ['S\xad쑬\U0009af8c<\U000c2a4a÷ñ¤... [missing_protocol_separator]']
2026-02-02 22:07:55,503 - configstream.parsers.extraction - WARNING - [-] - [extraction.py:408] - All lines dropped. Reasons: {'missing_protocol_separator': 1}. Samples: ['Australia... [missing_protocol_separator]']
2026-02-02 22:07:55,504 - configstream.parsers.extraction - WARNING - [-] - [extraction.py:408] - All lines dropped. Reasons: {'missing_protocol_separator': 1}. Samples: ['C... [missing_protocol_separator]']
2026-02-02 22:07:55,505 - configstream.parsers.extraction - WARNING - [-] - [extraction.py:408] - All lines dropped. Reasons: {'missing_protocol_separator': 1}. Samples: ['¬\U001044b6... [missing_protocol_separator]']
2026-02-02 22:07:55,507 - configstream.parsers.extraction - WARNING - [-] - [extraction.py:408] - All lines dropped. Reasons: {'missing_protocol_separator': 1}. Samples: ['Î... [missing_protocol_separator]']
2026-02-02 22:07:55,509 - configstream.parsers.extraction - WARNING - [-] - [extraction.py:408] - All lines dropped. Reasons: {'missing_protocol_separator': 1}. Samples: ['\x01³û\x8b\U000c6bff®té\x08\x98ä... [missing_protocol_separator]']
2026-02-02 22:07:55,510 - configstream.parsers.extraction - WARNING - [-] - [extraction.py:408] - All lines dropped. Reasons: {'missing_protocol_separator': 1}. Samples: ['\x93\U000d72eb\U0003c3d1... [missing_protocol_separator]']
2026-02-02 22:07:55,511 - configstream.parsers.extraction - WARNING - [-] - [extraction.py:408] - All lines dropped. Reasons: {'missing_protocol_separator': 2}. Samples: ['\x90\x06... [missing_protocol_separator]', '𘋠\U000cf03fI6O×N\x93... [missing_protocol_separator]']
2026-02-02 22:07:55,513 - configstream.parsers.extraction - WARNING - [-] - [extraction.py:408] - All lines dropped. Reasons: {'missing_protocol_separator': 1}. Samples: ['7.Né\x7f(𲍓á\x84_... [missing_protocol_separator]']
2026-02-02 22:07:55,514 - configstream.parsers.extraction - WARNING - [-] - [extraction.py:408] - All lines dropped. Reasons: {'missing_protocol_separator': 1}. Samples: ['æ3·äL... [missing_protocol_separator]']
2026-02-02 22:07:55,516 - configstream.parsers.extraction - WARNING - [-] - [extraction.py:408] - All lines dropped. Reasons: {'missing_protocol_separator': 1}. Samples: ['øó¶\x07\U000f723f𧮷»îï𢦖\U00101f3dÙ\x03... [missing_protocol_separator]']
2026-02-02 22:07:55,517 - configstream.parsers.extraction - WARNING - [-] - [extraction.py:408] - All lines dropped. Reasons: {'missing_protocol_separator': 1}. Samples: ["L?ñ\x13b·i'¤©¿\U000a34ba\x84uW\x8c¸𗣶¬\x8f... [missing_protocol_separator]"]
2026-02-02 22:07:55,519 - configstream.parsers.extraction - WARNING - [-] - [extraction.py:408] - All lines dropped. Reasons: {'missing_protocol_separator': 1}. Samples: ["'\x9cÀ\x03B\x17~\U0010086f7... [missing_protocol_separator]"]
2026-02-02 22:07:55,520 - configstream.parsers.extraction - WARNING - [-] - [extraction.py:408] - All lines dropped. Reasons: {'missing_protocol_separator': 1}. Samples: ['\x08\U000c0324... [missing_protocol_separator]']
2026-02-02 22:07:55,521 - configstream.parsers.extraction - WARNING - [-] - [extraction.py:408] - All lines dropped. Reasons: {'missing_protocol_separator': 1}. Samples:[MASKED]@ç𣥡... [missing_protocol_separator]']
2026-02-02 22:07:55,523 - configstream.parsers.extraction - WARNING - [-] - [extraction.py:408] - All lines dropped. Reasons: {'missing_protocol_separator': 1}. Samples: ['\U000fcdd4Ý\x1b\U00108cb0\x82... [missing_protocol_separator]']
2026-02-02 22:07:55,524 - configstream.parsers.extraction - WARNING - [-] - [extraction.py:408] - All lines dropped. Reasons: {'missing_protocol_separator': 1}. Samples: ['Ø^\x10O\U000739a8㔷\x0fx.\U000b1b5fï\x91È\x0e\x0e\x14·¯... [missing_protocol_separator]']
2026-02-02 22:07:55,525 - configstream.parsers.extraction - WARNING - [-] - [extraction.py:408] - All lines dropped. Reasons: {'missing_protocol_separator': 1}. Samples: ['?... [missing_protocol_separator]']
2026-02-02 22:07:55,527 - configstream.parsers.extraction - WARNING - [-] - [extraction.py:408] - All lines dropped. Reasons: {'missing_protocol_separator': 1}. Samples: ['\U000e5a0dö... [missing_protocol_separator]']
2026-02-02 22:07:55,528 - configstream.parsers.extraction - WARNING - [-] - [extraction.py:408] - All lines dropped. Reasons: {'missing_protocol_separator': 1}. Samples: ['_\U000d2b68\U00075fda\U000e4d10\x10qw\U000fdda5µ\U000f1811,\U0006ba17Ë\x8c$... [missing_protocol_separator]']
2026-02-02 22:07:55,530 - configstream.parsers.extraction - WARNING - [-] - [extraction.py:408] - All lines dropped. Reasons: {'missing_protocol_separator': 1}. Samples: ['M\U0005d119ù\U00077cec\x12\U00046b21𰁌Ï... [missing_protocol_separator]']
2026-02-02 22:07:55,531 - configstream.parsers.extraction - WARNING - [-] - [extraction.py:408] - All lines dropped. Reasons: {'missing_protocol_separator': 1}. Samples: ['\U0001a192... [missing_protocol_separator]']
2026-02-02 22:07:55,532 - configstream.parsers.extraction - WARNING - [-] - [extraction.py:408] - All lines dropped. Reasons: {'missing_protocol_separator': 2}. Samples: ['æ\x87|\U000dbd84\x10;\U000abaca\U00081b0c\U0003589b... [missing_protocol_separator]', '°... [missing_protocol_separator]']
2026-02-02 22:07:55,534 - configstream.parsers.extraction - WARNING - [-] - [extraction.py:408] - All lines dropped. Reasons: {'missing_protocol_separator': 2}. Samples: ['\x9f*º\U00075bd4¬oD... [missing_protocol_separator]', 'àÐGÞþG\x87\x86... [missing_protocol_separator]']
2026-02-02 22:07:55,535 - configstream.parsers.extraction - WARNING - [-] - [extraction.py:408] - All lines dropped. Reasons: {'missing_protocol_separator': 1}. Samples: ['\x8d\x19FÇ\x0f\x98... [missing_protocol_separator]']
2026-02-02 22:07:55,537 - configstream.parsers.extraction - WARNING - [-] - [extraction.py:408] - All lines dropped. Reasons: {'missing_protocol_separator': 3}. Samples: ['q\U00043b34\U000c789a\U00105902¼\x9d🆢ÿ\x07\\... [missing_protocol_separator]', "Á\x99'8VR\tª... [missing_protocol_separator]", 'FY\U000c88f6æ[Ê\U000ca67b.... [missing_protocol_separator]']
2026-02-02 22:07:55,538 - configstream.parsers.extraction - WARNING - [-] - [extraction.py:408] - All lines dropped. Reasons: {'missing_protocol_separator': 1}. Samples: ['§>O?«... [missing_protocol_separator]']
2026-02-02 22:07:55,539 - configstream.parsers.extraction - WARNING - [-] - [extraction.py:408] - All lines dropped. Reasons: {'missing_protocol_separator': 1}. Samples: ['ãtð... [missing_protocol_separator]']
2026-02-02 22:07:55,541 - configstream.parsers.extraction - WARNING - [-] - [extraction.py:408] - All lines dropped. Reasons: {'missing_protocol_separator': 1}. Samples: ['Ará\x9a... [missing_protocol_separator]']
2026-02-02 22:07:55,542 - configstream.parsers.extraction - WARNING - [-] - [extraction.py:408] - All lines dropped. Reasons: {'missing_protocol_separator': 1}. Samples: ['\x14... [missing_protocol_separator]']
2026-02-02 22:07:55,543 - configstream.parsers.extraction - WARNING - [-] - [extraction.py:408] - All lines dropped. Reasons: {'missing_protocol_separator': 1}. Samples: ['\U000bdd11\U000da18a÷{Ìh... [missing_protocol_separator]']
2026-02-02 22:07:55,545 - configstream.parsers.extraction - WARNING - [-] - [extraction.py:408] - All lines dropped. Reasons: {'missing_protocol_separator': 1}. Samples: ['\x0fìµ... [missing_protocol_separator]']
2026-02-02 22:07:55,546 - configstream.parsers.extraction - WARNING - [-] - [extraction.py:408] - All lines dropped. Reasons: {'missing_protocol_separator': 1}. Samples: ['t\U000f2ca9©\x86Us\U000f9796\U000aac8e\x0eç\x12QJ³... [missing_protocol_separator]']
2026-02-02 22:07:55,547 - configstream.parsers.extraction - WARNING - [-] - [extraction.py:408] - All lines dropped. Reasons: {'missing_protocol_separator': 1}. Samples: ['\x8d\x88R±\x11\x1aÏ\U000ba819Ëx\x8a... [missing_protocol_separator]']
2026-02-02 22:07:55,549 - configstream.parsers.extraction - WARNING - [-] - [extraction.py:408] - All lines dropped. Reasons: {'missing_protocol_separator': 3}. Samples: ['4... [missing_protocol_separator]', 'ò{\x11`.$... [missing_protocol_separator]', "\x9d'¡Ú¡\x1f\x13]㍉\U000d8a6eÿ... [missing_protocol_separator]"]
2026-02-02 22:07:55,550 - configstream.parsers.extraction - WARNING - [-] - [extraction.py:408] - All lines dropped. Reasons: {'missing_protocol_separator': 1}. Samples: ['\x93É(\x13... [missing_protocol_separator]']
2026-02-02 22:07:55,552 - configstream.parsers.extraction - WARNING - [-] - [extraction.py:408] - All lines dropped. Reasons: {'missing_protocol_separator': 1}. Samples: ['-\u31ee±... [missing_protocol_separator]']
2026-02-02 22:07:55,553 - configstream.parsers.extraction - WARNING - [-] - [extraction.py:408] - All lines dropped. Reasons: {'missing_protocol_separator': 1}. Samples: ['\x0e \U00033c3dÓN!ªæ\x8eD½½\U000c5e93\x18... [missing_protocol_separator]']
2026-02-02 22:07:55,554 - configstream.parsers.extraction - WARNING - [-] - [extraction.py:408] - All lines dropped. Reasons: {'missing_protocol_separator': 1}. Samples: ['ä\x8dC\U0003854eI\U0009182dLh\U000ef0f8... [missing_protocol_separator]']
2026-02-02 22:07:55,556 - configstream.parsers.extraction - WARNING - [-] - [extraction.py:408] - All lines dropped. Reasons: {'missing_protocol_separator': 1}. Samples: ['\x7f\U000f3e16$... [missing_protocol_separator]']
2026-02-02 22:07:55,557 - configstream.parsers.extraction - WARNING - [-] - [extraction.py:408] - All lines dropped. Reasons: {'missing_protocol_separator': 1}. Samples: ['[LÎ... [missing_protocol_separator]']
2026-02-02 22:07:55,559 - configstream.parsers.extraction - WARNING - [-] - [extraction.py:408] - All lines dropped. Reasons: {'missing_protocol_separator': 2}. Samples: ['I... [missing_protocol_separator]', '¤Óô\U0006edefa\U00054676\x9e\U0003a47c\U000d8265M¶§... [missing_protocol_separator]']
2026-02-02 22:07:55,561 - configstream.parsers.extraction - WARNING - [-] - [extraction.py:408] - All lines dropped. Reasons: {'missing_protocol_separator': 1}. Samples: ['\U000c774e°... [missing_protocol_separator]']
2026-02-02 22:07:55,562 - configstream.parsers.extraction - WARNING - [-] - [extraction.py:408] - All lines dropped. Reasons: {'missing_protocol_separator': 1}. Samples: ['z\x83\x81Ð\U0005eafe... [missing_protocol_separator]']
2026-02-02 22:07:55,563 - configstream.parsers.extraction - WARNING - [-] - [extraction.py:408] - All lines dropped. Reasons: {'missing_protocol_separator': 1}. Samples: ['\x81... [missing_protocol_separator]']
2026-02-02 22:07:55,565 - configstream.parsers.extraction - WARNING - [-] - [extraction.py:408] - All lines dropped. Reasons: {'missing_protocol_separator': 1}. Samples: ['s_🭂Î\U000a34cd... [missing_protocol_separator]']
2026-02-02 22:07:55,566 - configstream.parsers.extraction - WARNING - [-] - [extraction.py:408] - All lines dropped. Reasons: {'missing_protocol_separator': 2}. Samples: ['\U000dfd38_;Å... [missing_protocol_separator]', 'ÝÎ... [missing_protocol_separator]']
2026-02-02 22:07:55,567 - configstream.parsers.extraction - WARNING - [-] - [extraction.py:408] - All lines dropped. Reasons: {'missing_protocol_separator': 1}. Samples: ['c\U000cbda6\x02ôîÏsê²FöÊ\x0f\x12º\U000680b9\x9d\x90\x9eÎ... [missing_protocol_separator]']
2026-02-02 22:07:55,569 - configstream.parsers.extraction - WARNING - [-] - [extraction.py:408] - All lines dropped. Reasons: {'missing_protocol_separator': 1}. Samples: ['¦b\x9büM¸... [missing_protocol_separator]']
2026-02-02 22:07:55,570 - configstream.parsers.extraction - WARNING - [-] - [extraction.py:408] - All lines dropped. Reasons: {'missing_protocol_separator': 1}. Samples: ['êÓ\x03\U000d7d28ã¯\x17§1... [missing_protocol_separator]']
2026-02-02 22:07:55,571 - configstream.parsers.extraction - WARNING - [-] - [extraction.py:408] - All lines dropped. Reasons: {'missing_protocol_separator': 1}. Samples: ['·ÿFÊTb... [missing_protocol_separator]']
2026-02-02 22:07:55,572 - configstream.parsers.extraction - WARNING - [-] - [extraction.py:408] - All lines dropped. Reasons: {'missing_protocol_separator': 1}. Samples: ['\x94... [missing_protocol_separator]']
2026-02-02 22:07:55,574 - configstream.parsers.extraction - WARNING - [-] - [extraction.py:408] - All lines dropped. Reasons: {'missing_protocol_separator': 1}. Samples: ['ç´\x8dü... [missing_protocol_separator]']
2026-02-02 22:07:55,576 - configstream.parsers.extraction - WARNING - [-] - [extraction.py:408] - All lines dropped. Reasons: {'missing_protocol_separator': 1}. Samples: ['\U000ef58aÎ0Ì... [missing_protocol_separator]']
2026-02-02 22:07:55,577 - configstream.parsers.extraction - WARNING - [-] - [extraction.py:408] - All lines dropped. Reasons: {'missing_protocol_separator': 1}. Samples: ['\x8b\U000616eb¦·... [missing_protocol_separator]']
2026-02-02 22:07:55,578 - configstream.parsers.extraction - WARNING - [-] - [extraction.py:408] - All lines dropped. Reasons: {'missing_protocol_separator': 1}. Samples: ['Ö\U00091228æ5... [missing_protocol_separator]']
2026-02-02 22:07:55,580 - configstream.parsers.extraction - WARNING - [-] - [extraction.py:408] - All lines dropped. Reasons: {'missing_protocol_separator': 2}. Samples: ['6(... [missing_protocol_separator]', '&... [missing_protocol_separator]']
2026-02-02 22:07:55,581 - configstream.parsers.extraction - WARNING - [-] - [extraction.py:408] - All lines dropped. Reasons: {'missing_protocol_separator': 1}. Samples: ['\U000bec96\U00052930... [missing_protocol_separator]']
2026-02-02 22:07:55,582 - configstream.parsers.extraction - WARNING - [-] - [extraction.py:408] - All lines dropped. Reasons: {'missing_protocol_separator': 1}. Samples: ['Q... [missing_protocol_separator]']
2026-02-02 22:07:55,583 - configstream.parsers.extraction - WARNING - [-] - [extraction.py:408] - All lines dropped. Reasons: {'missing_protocol_separator': 1}. Samples: ['🏻... [missing_protocol_separator]']
2026-02-02 22:07:55,585 - configstream.parsers.extraction - WARNING - [-] - [extraction.py:408] - All lines dropped. Reasons: {'missing_protocol_separator': 1}. Samples: ['6±𤭮!... [missing_protocol_separator]']
2026-02-02 22:07:55,586 - configstream.parsers.extraction - WARNING - [-] - [extraction.py:408] - All lines dropped. Reasons: {'missing_protocol_separator': 1}. Samples: ['\U000d3518ꏦ... [missing_protocol_separator]']
2026-02-02 22:07:55,587 - configstream.parsers.extraction - WARNING - [-] - [extraction.py:408] - All lines dropped. Reasons: {'missing_protocol_separator': 1}. Samples: ['Ä... [missing_protocol_separator]']
2026-02-02 22:07:55,589 - configstream.parsers.extraction - WARNING - [-] - [extraction.py:408] - All lines dropped. Reasons: {'missing_protocol_separator': 1}. Samples: ['\U000ed72d:𞊣\U0001f1b4n\U000ec027p\U000fa9b0%"\U000ebdde\U00059d51ï\U000dc41e\U000f6793Ý0ý... [missing_protocol_separator]']
2026-02-02 22:07:55,590 - configstream.parsers.extraction - WARNING - [-] - [extraction.py:408] - All lines dropped. Reasons: {'missing_protocol_separator': 1}. Samples: ['\x8e«¬_\U0005abda... [missing_protocol_separator]']
2026-02-02 22:07:55,592 - configstream.parsers.extraction - WARNING - [-] - [extraction.py:408] - All lines dropped. Reasons: {'missing_protocol_separator': 1}. Samples: ['\x04... [missing_protocol_separator]']
2026-02-02 22:07:55,593 - configstream.parsers.extraction - WARNING - [-] - [extraction.py:408] - All lines dropped. Reasons: {'missing_protocol_separator': 1}. Samples: ['¦Ü\x9a\x86÷%... [missing_protocol_separator]']
2026-02-02 22:07:55,594 - configstream.parsers.extraction - WARNING - [-] - [extraction.py:408] - All lines dropped. Reasons: {'missing_protocol_separator': 1}. Samples: ['\x0fæ±(·... [missing_protocol_separator]']
2026-02-02 22:07:55,596 - configstream.parsers.extraction - WARNING - [-] - [extraction.py:408] - All lines dropped. Reasons: {'missing_protocol_separator': 1}. Samples: ['Ý{\U0006f6225//bìeß... [missing_protocol_separator]']
2026-02-02 22:07:55,597 - configstream.parsers.extraction - WARNING - [-] - [extraction.py:408] - All lines dropped. Reasons: {'missing_protocol_separator': 1}. Samples: ['\U0009d4ec\x92\x7f... [missing_protocol_separator]']
2026-02-02 22:07:55,598 - configstream.parsers.extraction - WARNING - [-] - [extraction.py:408] - All lines dropped. Reasons: {'missing_protocol_separator': 1}. Samples: ['å\U00080415°... [missing_protocol_separator]']
2026-02-02 22:07:55,600 - configstream.parsers.extraction - WARNING - [-] - [extraction.py:408] - All lines dropped. Reasons: {'missing_protocol_separator': 1}. Samples: ['\U000c2e5cÆ<\U00032b47hí\x12\U000723e9Y¾÷e\x02\U000542e7À... [missing_protocol_separator]']
2026-02-02 22:07:55,601 - configstream.parsers.extraction - WARNING - [-] - [extraction.py:408] - All lines dropped. Reasons: {'missing_protocol_separator': 1}. Samples: ['\U0004b5d1𐤯Å\U000bf75eªÜÁûî\U0004eb71... [missing_protocol_separator]']
2026-02-02 22:07:55,603 - configstream.parsers.extraction - WARNING - [-] - [extraction.py:408] - All lines dropped. Reasons: {'missing_protocol_separator': 1}. Samples: ['\xadpÂ... [missing_protocol_separator]']
2026-02-02 22:07:55,605 - configstream.parsers.extraction - WARNING - [-] - [extraction.py:408] - All lines dropped. Reasons: {'missing_protocol_separator': 1}. Samples: ['÷Ï... [missing_protocol_separator]']
2026-02-02 22:07:55,606 - configstream.parsers.extraction - WARNING - [-] - [extraction.py:408] - All lines dropped. Reasons: {'missing_protocol_separator': 1}. Samples: ['\U00076d4f\U000e06d3\U000b2e5b... [missing_protocol_separator]']
2026-02-02 22:07:55,607 - configstream.parsers.extraction - WARNING - [-] - [extraction.py:408] - All lines dropped. Reasons: {'missing_protocol_separator': 1}. Samples: ['ÔÝ\x8fÅi\U00096595... [missing_protocol_separator]']
2026-02-02 22:07:55,609 - configstream.parsers.extraction - WARNING - [-] - [extraction.py:408] - All lines dropped. Reasons: {'missing_protocol_separator': 1}. Samples: ['ÐÒê\x17\x92 ä\x80\x86ej;... [missing_protocol_separator]']
2026-02-02 22:07:55,610 - configstream.parsers.extraction - WARNING - [-] - [extraction.py:408] - All lines dropped. Reasons: {'missing_protocol_separator': 1}. Samples: ['\x97\U000c981d\U0008097d\x08® l.\U00092c5aÎò_Ää𭢄\x97\x02ä\U000c38e8Â°1\x87\x0e\x81)... [missing_protocol_separator]']
2026-02-02 22:07:55,612 - configstream.parsers.extraction - WARNING - [-] - [extraction.py:408] - All lines dropped. Reasons: {'missing_protocol_separator': 2}. Samples: ['`\x9d\U00077f23... [missing_protocol_separator]', '\U000d4d0e... [missing_protocol_separator]']
2026-02-02 22:07:55,613 - configstream.parsers.extraction - WARNING - [-] - [extraction.py:408] - All lines dropped. Reasons: {'missing_protocol_separator': 1}. Samples: ['Æ\x14+^\U000c37dc... [missing_protocol_separator]']
2026-02-02 22:07:55,614 - configstream.parsers.extraction - WARNING - [-] - [extraction.py:408] - All lines dropped. Reasons: {'missing_protocol_separator': 1}. Samples: ['°\x97\x15Ó-â... [missing_protocol_separator]']
2026-02-02 22:07:55,616 - configstream.parsers.extraction - WARNING - [-] - [extraction.py:408] - All lines dropped. Reasons: {'missing_protocol_separator': 2}. Samples: ['J... [missing_protocol_separator]', 'úb\U00013e8aG\x9f6ò\U00014b47... [missing_protocol_separator]']
2026-02-02 22:07:55,617 - configstream.parsers.extraction - WARNING - [-] - [extraction.py:408] - All lines dropped. Reasons: {'missing_protocol_separator': 1}. Samples: ['\x8d+e¢Rù... [missing_protocol_separator]']
2026-02-02 22:07:55,618 - configstream.parsers.extraction - WARNING - [-] - [extraction.py:408] - All lines dropped. Reasons: {'missing_protocol_separator': 1}. Samples: ['\U000d414eõË\U000f0415\U000cf4a2\U00066d7eL~l... [missing_protocol_separator]']
2026-02-02 22:07:55,620 - configstream.parsers.extraction - WARNING - [-] - [extraction.py:408] - All lines dropped. Reasons: {'missing_protocol_separator': 1}. Samples: ['\x8f<µïÓ... [missing_protocol_separator]']
2026-02-02 22:07:55,621 - configstream.parsers.extraction - WARNING - [-] - [extraction.py:408] - All lines dropped. Reasons: {'missing_protocol_separator': 1}. Samples: ['yU}×:^\x08... [missing_protocol_separator]']
2026-02-02 22:07:55,622 - configstream.parsers.extraction - WARNING - [-] - [extraction.py:408] - All lines dropped. Reasons: {'missing_protocol_separator': 2}. Samples: ['+û\x8c... [missing_protocol_separator]', '3\x19ÌËXÃ\U000f98526åA... [missing_protocol_separator]']
2026-02-02 22:07:55,624 - configstream.parsers.extraction - WARNING - [-] - [extraction.py:408] - All lines dropped. Reasons: {'missing_protocol_separator': 1}. Samples: ['È... [missing_protocol_separator]']
2026-02-02 22:07:55,625 - configstream.parsers.extraction - WARNING - [-] - [extraction.py:408] - All lines dropped. Reasons: {'missing_protocol_separator': 1}. Samples: ['𞀎\U000bcfc9... [missing_protocol_separator]']
2026-02-02 22:07:55,627 - configstream.parsers.extraction - WARNING - [-] - [extraction.py:408] - All lines dropped. Reasons: {'missing_protocol_separator': 1}. Samples: ['¥ü... [missing_protocol_separator]']
2026-02-02 22:07:55,628 - configstream.parsers.extraction - WARNING - [-] - [extraction.py:408] - All lines dropped. Reasons: {'missing_protocol_separator': 1}. Samples: ['\U000ec5ad... [missing_protocol_separator]']
2026-02-02 22:07:55,629 - configstream.parsers.extraction - WARNING - [-] - [extraction.py:408] - All lines dropped. Reasons: {'missing_protocol_separator': 1}. Samples: ['\U0005cff6$... [missing_protocol_separator]']
2026-02-02 22:07:55,631 - configstream.parsers.extraction - WARNING - [-] - [extraction.py:408] - All lines dropped. Reasons: {'missing_protocol_separator': 1}. Samples: ['\x9aï4\U000f2d42... [missing_protocol_separator]']
2026-02-02 22:07:55,632 - configstream.parsers.extraction - WARNING - [-] - [extraction.py:408] - All lines dropped. Reasons: {'missing_protocol_separator': 1}. Samples: ['\x87\U00014221·\U000a28c8Hü\x82\x99¼... [missing_protocol_separator]']
2026-02-02 22:07:55,634 - configstream.parsers.extraction - WARNING - [-] - [extraction.py:408] - All lines dropped. Reasons: {'missing_protocol_separator': 1}. Samples: ['d\\\x8aPå\x91\x9b... [missing_protocol_separator]']
2026-02-02 22:07:55,635 - configstream.parsers.extraction - WARNING - [-] - [extraction.py:408] - All lines dropped. Reasons: {'missing_protocol_separator': 1}. Samples: ['\U0009009e\x7f붙... [missing_protocol_separator]']
2026-02-02 22:07:55,636 - configstream.parsers.extraction - WARNING - [-] - [extraction.py:408] - All lines dropped. Reasons: {'missing_protocol_separator': 1}. Samples: ['ÕC\x82𣸊... [missing_protocol_separator]']
2026-02-02 22:07:55,637 - configstream.parsers.extraction - WARNING - [-] - [extraction.py:408] - All lines dropped. Reasons: {'missing_protocol_separator': 1}. Samples: ['\U000385fbÏ... [missing_protocol_separator]']
2026-02-02 22:07:55,638 - configstream.parsers.extraction - WARNING - [-] - [extraction.py:408] - All lines dropped. Reasons: {'missing_protocol_separator': 1}. Samples: ['N... [missing_protocol_separator]']
2026-02-02 22:07:55,640 - configstream.parsers.extraction - WARNING - [-] - [extraction.py:408] - All lines dropped. Reasons: {'missing_protocol_separator': 1}. Samples: ['\U001096e4\x88\x12$\x04\x9c\x00¿úo... [missing_protocol_separator]']
2026-02-02 22:07:55,641 - configstream.parsers.extraction - WARNING - [-] - [extraction.py:408] - All lines dropped. Reasons: {'missing_protocol_separator': 1}. Samples:[MASKED]@\x92... [missing_protocol_separator]']
2026-02-02 22:07:55,643 - configstream.parsers.extraction - WARNING - [-] - [extraction.py:408] - All lines dropped. Reasons: {'missing_protocol_separator': 2}. Samples: ['\U00014a0c\x88Ó\U0009a509F2Æ3... [missing_protocol_separator]', '+\U00108374... [missing_protocol_separator]']
2026-02-02 22:07:55,644 - configstream.parsers.extraction - WARNING - [-] - [extraction.py:408] - All lines dropped. Reasons: {'missing_protocol_separator': 1}. Samples: ['\x935... [missing_protocol_separator]']
2026-02-02 22:07:55,645 - configstream.parsers.extraction - WARNING - [-] - [extraction.py:408] - All lines dropped. Reasons: {'missing_protocol_separator': 1}. Samples: ['\x84\U000c58ffÏ... [missing_protocol_separator]']
2026-02-02 22:07:55,646 - configstream.parsers.extraction - WARNING - [-] - [extraction.py:408] - All lines dropped. Reasons: {'missing_protocol_separator': 1}. Samples: ['\xad... [missing_protocol_separator]']
2026-02-02 22:07:55,648 - configstream.parsers.extraction - WARNING - [-] - [extraction.py:408] - All lines dropped. Reasons: {'missing_protocol_separator': 1}. Samples: ['\U00032fa4P\U000c942aú7\x98\U000b6d5fã... [missing_protocol_separator]']
2026-02-02 22:07:55,649 - configstream.parsers.extraction - WARNING - [-] - [extraction.py:408] - All lines dropped. Reasons: {'missing_protocol_separator': 1}. Samples: ['\x98ä... [missing_protocol_separator]']
2026-02-02 22:07:55,650 - configstream.parsers.extraction - WARNING - [-] - [extraction.py:408] - All lines dropped. Reasons: {'missing_protocol_separator': 1}. Samples: ['\U000a8878\x9b\U00071e81\U0006aee3ÅÙ... [missing_protocol_separator]']
2026-02-02 22:07:55,652 - configstream.parsers.extraction - WARNING - [-] - [extraction.py:408] - All lines dropped. Reasons: {'missing_protocol_separator': 1}. Samples: ["'¤... [missing_protocol_separator]"]
2026-02-02 22:07:55,653 - configstream.parsers.extraction - WARNING - [-] - [extraction.py:408] - All lines dropped. Reasons: {'missing_protocol_separator': 1}. Samples: ["\U000c1532\U000decc3wpºz'\U00087e3fõ¢\U000b1d09\U000f5459ëü쇕\x84ÿ\U0010ede9\x9d... [missing_protocol_separator]"]
2026-02-02 22:07:55,654 - configstream.parsers.extraction - WARNING - [-] - [extraction.py:408] - All lines dropped. Reasons: {'missing_protocol_separator': 1}. Samples: ['É襹m\x06... [missing_protocol_separator]']
2026-02-02 22:07:55,656 - configstream.parsers.extraction - WARNING - [-] - [extraction.py:408] - All lines dropped. Reasons: {'missing_protocol_separator': 1}. Samples: ['ºÙ¾𰡱\x86... [missing_protocol_separator]']
2026-02-02 22:07:55,657 - configstream.parsers.extraction - WARNING - [-] - [extraction.py:408] - All lines dropped. Reasons: {'missing_protocol_separator': 1}. Samples: ['o\xad\x00... [missing_protocol_separator]']
2026-02-02 22:07:55,658 - configstream.parsers.extraction - WARNING - [-] - [extraction.py:408] - All lines dropped. Reasons: {'missing_protocol_separator': 1}. Samples: ['\x00\x99... [missing_protocol_separator]']
2026-02-02 22:07:55,659 - configstream.parsers.extraction - WARNING - [-] - [extraction.py:408] - All lines dropped. Reasons: {'missing_protocol_separator': 1}. Samples: ['/\x1bt\U000ef1a3... [missing_protocol_separator]']
2026-02-02 22:07:55,661 - configstream.parsers.extraction - WARNING - [-] - [extraction.py:408] - All lines dropped. Reasons: {'missing_protocol_separator': 2}. Samples: ['½Ë... [missing_protocol_separator]', '\x9bg\U000583b7¡\U000d062f\U000409ffQz\x98\U000b8f47\U0006e8fe\x10뛵\x01u\x05\x01&... [missing_protocol_separator]']
2026-02-02 22:07:55,662 - configstream.parsers.extraction - WARNING - [-] - [extraction.py:408] - All lines dropped. Reasons: {'missing_protocol_separator': 1}. Samples: ['Ì³TÑ\x00\x86... [missing_protocol_separator]']
2026-02-02 22:07:55,664 - configstream.parsers.extraction - WARNING - [-] - [extraction.py:408] - All lines dropped. Reasons: {'missing_protocol_separator': 1}. Samples: ['X𛱼... [missing_protocol_separator]']
2026-02-02 22:07:55,665 - configstream.parsers.extraction - WARNING - [-] - [extraction.py:408] - All lines dropped. Reasons: {'missing_protocol_separator': 1}. Samples: ['r|þ\U000b08a5... [missing_protocol_separator]']
2026-02-02 22:07:55,666 - configstream.parsers.extraction - WARNING - [-] - [extraction.py:408] - All lines dropped. Reasons: {'missing_protocol_separator': 1}. Samples: ['eå\U000a208aD\U000c9cbbB©\U0005284a\x88\U00055a0d푻\U000c0824v®ÐÛ\xa0á½h... [missing_protocol_separator]']
2026-02-02 22:07:55,668 - configstream.parsers.extraction - WARNING - [-] - [extraction.py:408] - All lines dropped. Reasons: {'missing_protocol_separator': 1}. Samples: ['æœÆŒﬀʤʨß... [missing_protocol_separator]']
2026-02-02 22:07:55,669 - configstream.parsers.extraction - WARNING - [-] - [extraction.py:408] - All lines dropped. Reasons: {'missing_protocol_separator': 1}. Samples: ['\x8fáãfjî\U0009da348\x9cÃ... [missing_protocol_separator]']
2026-02-02 22:07:55,670 - configstream.parsers.extraction - WARNING - [-] - [extraction.py:408] - All lines dropped. Reasons: {'missing_protocol_separator': 1}. Samples: ['£\U000a979e¹o\x01\U0006ebff... [missing_protocol_separator]']
2026-02-02 22:07:55,672 - configstream.parsers.extraction - WARNING - [-] - [extraction.py:408] - All lines dropped. Reasons: {'missing_protocol_separator': 1}. Samples: ['½!2... [missing_protocol_separator]']
2026-02-02 22:07:55,673 - configstream.parsers.extraction - WARNING - [-] - [extraction.py:408] - All lines dropped. Reasons: {'missing_protocol_separator': 1}. Samples: ['sBKNò... [missing_protocol_separator]']
2026-02-02 22:07:55,674 - configstream.parsers.extraction - WARNING - [-] - [extraction.py:408] - All lines dropped. Reasons: {'missing_protocol_separator': 1}. Samples: ['¦\U00053820... [missing_protocol_separator]']
2026-02-02 22:07:55,676 - configstream.parsers.extraction - WARNING - [-] - [extraction.py:408] - All lines dropped. Reasons: {'missing_protocol_separator': 2}. Samples: ['ä\x8e0ø£»KÌ\U000c6854𠑑\tL\U000abd604\U000c83a2ë... [missing_protocol_separator]', 'Ê... [missing_protocol_separator]']
2026-02-02 22:07:55,677 - configstream.parsers.extraction - WARNING - [-] - [extraction.py:408] - All lines dropped. Reasons: {'missing_protocol_separator': 1}. Samples: ['b\x17... [missing_protocol_separator]']
2026-02-02 22:07:55,678 - configstream.parsers.extraction - WARNING - [-] - [extraction.py:408] - All lines dropped. Reasons: {'missing_protocol_separator': 1}. Samples: ['á\U000d7dd4\U000a3320ð... [missing_protocol_separator]']
2026-02-02 22:07:55,680 - configstream.parsers.extraction - WARNING - [-] - [extraction.py:408] - All lines dropped. Reasons: {'missing_protocol_separator': 1}. Samples: ['\U000fbdde\x18\U000d68df\U0001f8f2Ô... [missing_protocol_separator]']
2026-02-02 22:07:55,681 - configstream.parsers.extraction - WARNING - [-] - [extraction.py:408] - All lines dropped. Reasons: {'missing_protocol_separator': 1}. Samples: ['\x19ÇM>\x8a\x94ì... [missing_protocol_separator]']
2026-02-02 22:07:55,683 - configstream.parsers.extraction - WARNING - [-] - [extraction.py:408] - All lines dropped. Reasons: {'missing_protocol_separator': 1}. Samples: ['\x15\x06\U000d9572汌Ñæ9... [missing_protocol_separator]']
2026-02-02 22:07:55,684 - configstream.parsers.extraction - WARNING - [-] - [extraction.py:408] - All lines dropped. Reasons: {'missing_protocol_separator': 1}. Samples: ['ßí¶\\ÿ... [missing_protocol_separator]']
2026-02-02 22:07:55,685 - configstream.parsers.extraction - WARNING - [-] - [extraction.py:408] - All lines dropped. Reasons: {'missing_protocol_separator': 1}. Samples: ['NÒÊ\x86Æj\x89... [missing_protocol_separator]']
2026-02-02 22:07:55,687 - configstream.parsers.extraction - WARNING - [-] - [extraction.py:408] - All lines dropped. Reasons: {'missing_protocol_separator': 1}. Samples: ['\U000a99b7¡ÓP\U000ecbf7í\U0004336f... [missing_protocol_separator]']
2026-02-02 22:07:55,689 - configstream.parsers.extraction - WARNING - [-] - [extraction.py:408] - All lines dropped. Reasons: {'missing_protocol_separator': 1}. Samples: ['.\U00039d1at... [missing_protocol_separator]']
2026-02-02 22:07:55,690 - configstream.parsers.extraction - WARNING - [-] - [extraction.py:408] - All lines dropped. Reasons: {'missing_protocol_separator': 1}. Samples: ['£Älï\U00072bfeç\U00045a31¤\\Åj~e... [missing_protocol_separator]']
2026-02-02 22:07:55,691 - configstream.parsers.extraction - WARNING - [-] - [extraction.py:408] - All lines dropped. Reasons: {'missing_protocol_separator': 1}. Samples: ['x\x9a\x8c... [missing_protocol_separator]']
2026-02-02 22:07:55,692 - configstream.parsers.extraction - WARNING - [-] - [extraction.py:408] - All lines dropped. Reasons: {'missing_protocol_separator': 1}. Samples: ['ÝÆ\U0004d303\U00037f40½î... [missing_protocol_separator]']
2026-02-02 22:07:55,694 - configstream.parsers.extraction - WARNING - [-] - [extraction.py:408] - All lines dropped. Reasons: {'missing_protocol_separator': 2}. Samples: ['ð... [missing_protocol_separator]', 'É... [missing_protocol_separator]']
2026-02-02 22:07:55,695 - configstream.parsers.extraction - WARNING - [-] - [extraction.py:408] - All lines dropped. Reasons: {'missing_protocol_separator': 2}. Samples: ['=... [missing_protocol_separator]', 'I\U000f5e1cA^뢙1\x80O... [missing_protocol_separator]']
2026-02-02 22:07:55,697 - configstream.parsers.extraction - WARNING - [-] - [extraction.py:408] - All lines dropped. Reasons: {'missing_protocol_separator': 1}. Samples: ['*dÙ𣍥\x1bû¤\U000f90e5B[... [missing_protocol_separator]']
2026-02-02 22:07:55,698 - configstream.parsers.extraction - WARNING - [-] - [extraction.py:408] - All lines dropped. Reasons: {'missing_protocol_separator': 1}. Samples: ['ó\U0005ba76D\U00067614ÊâÛ... [missing_protocol_separator]']
2026-02-02 22:07:55,699 - configstream.parsers.extraction - WARNING - [-] - [extraction.py:408] - All lines dropped. Reasons: {'missing_protocol_separator': 1}. Samples: ['\U000c95c6Ñ⺄\U000be17a9\x94... [missing_protocol_separator]']
2026-02-02 22:07:55,701 - configstream.parsers.extraction - WARNING - [-] - [extraction.py:408] - All lines dropped. Reasons: {'missing_protocol_separator': 1}. Samples: ['°\U000bc411³... [missing_protocol_separator]']
2026-02-02 22:07:55,702 - configstream.parsers.extraction - WARNING - [-] - [extraction.py:408] - All lines dropped. Reasons: {'missing_protocol_separator': 1}. Samples: ['ô𨄇Z... [missing_protocol_separator]']
2026-02-02 22:07:55,703 - configstream.parsers.extraction - WARNING - [-] - [extraction.py:408] - All lines dropped. Reasons: {'missing_protocol_separator': 1}. Samples: ['\\àe\x93of¢\U000e4704... [missing_protocol_separator]']
2026-02-02 22:07:55,704 - configstream.parsers.extraction - WARNING - [-] - [extraction.py:408] - All lines dropped. Reasons: {'missing_protocol_separator': 1}. Samples: ['.... [missing_protocol_separator]']
2026-02-02 22:07:55,706 - configstream.parsers.extraction - WARNING - [-] - [extraction.py:408] - All lines dropped. Reasons: {'missing_protocol_separator': 1}. Samples: ['\x99\x8cÞP\U00054ff7ÊN\U000f07d40<=ô?\x03\x1b<ø¢|... [missing_protocol_separator]']
2026-02-02 22:07:55,707 - configstream.parsers.extraction - WARNING - [-] - [extraction.py:408] - All lines dropped. Reasons: {'missing_protocol_separator': 1}. Samples: ['êÅá\U000b0adb\x83Fô)Ó\x86b... [missing_protocol_separator]']
2026-02-02 22:07:55,709 - configstream.parsers.extraction - WARNING - [-] - [extraction.py:408] - All lines dropped. Reasons: {'missing_protocol_separator': 1}. Samples: ['ã... [missing_protocol_separator]']
2026-02-02 22:07:55,710 - configstream.parsers.extraction - WARNING - [-] - [extraction.py:408] - All lines dropped. Reasons: {'missing_protocol_separator': 1}. Samples: ['\U0006f505é\U000e68cd\x99... [missing_protocol_separator]']
2026-02-02 22:07:55,711 - configstream.parsers.extraction - WARNING - [-] - [extraction.py:408] - All lines dropped. Reasons: {'missing_protocol_separator': 1}. Samples: ['ªSp¬... [missing_protocol_separator]']
2026-02-02 22:07:55,712 - configstream.parsers.extraction - WARNING - [-] - [extraction.py:408] - All lines dropped. Reasons: {'missing_protocol_separator': 1}. Samples: ['P£\U000ebb8a... [missing_protocol_separator]']
2026-02-02 22:07:55,714 - configstream.parsers.extraction - WARNING - [-] - [extraction.py:408] - All lines dropped. Reasons: {'missing_protocol_separator': 1}. Samples: ['Å\U0005d7d6Åü/ÛK... [missing_protocol_separator]']
2026-02-02 22:07:55,715 - configstream.parsers.extraction - WARNING - [-] - [extraction.py:408] - All lines dropped. Reasons: {'missing_protocol_separator': 1}. Samples: ['Y\x13þÜ¢\x0e\U0005cb3a[ðS\U000774b4õ... [missing_protocol_separator]']
2026-02-02 22:07:55,717 - configstream.parsers.extraction - WARNING - [-] - [extraction.py:408] - All lines dropped. Reasons: {'missing_protocol_separator': 1}. Samples: ['\x83f\U00089456O=𩲡N... [missing_protocol_separator]']
2026-02-02 22:07:55,718 - configstream.parsers.extraction - WARNING - [-] - [extraction.py:408] - All lines dropped. Reasons: {'missing_protocol_separator': 2}. Samples: ['\U0009ac16\U0006af48D*ú\x16/tl... [missing_protocol_separator]', 'ËØ"ÊÙ\x86\U000f2cb5... [missing_protocol_separator]']
2026-02-02 22:07:55,719 - configstream.parsers.extraction - WARNING - [-] - [extraction.py:408] - All lines dropped. Reasons: {'missing_protocol_separator': 2}. Samples: ['\U000f6c96... [missing_protocol_separator]', 'ÁÌ=b🤧\U0010e130Ý\x89¨\U0006b39e\U000e5b00\U00072acf... [missing_protocol_separator]']
2026-02-02 22:07:55,721 - configstream.parsers.extraction - WARNING - [-] - [extraction.py:408] - All lines dropped. Reasons: {'missing_protocol_separator': 1}. Samples: ['\U0004658b\U00091368K\x95>þk9\U0005c479x»\x96²z\U0003a936B\U000c74a6... [missing_protocol_separator]']
2026-02-02 22:07:55,722 - configstream.parsers.extraction - WARNING - [-] - [extraction.py:408] - All lines dropped. Reasons: {'missing_protocol_separator': 1}. Samples: ['\U0003eb6eÂ\U000a3330óû=\x9e... [missing_protocol_separator]']
2026-02-02 22:07:55,723 - configstream.parsers.extraction - WARNING - [-] - [extraction.py:408] - All lines dropped. Reasons: {'missing_protocol_separator': 1}. Samples: ['uz.h... [missing_protocol_separator]']
2026-02-02 22:07:55,725 - configstream.parsers.extraction - WARNING - [-] - [extraction.py:408] - All lines dropped. Reasons: {'missing_protocol_separator': 1}. Samples: ['ÀëãNòT\U00059b90(Då\U000f50cb... [missing_protocol_separator]']
2026-02-02 22:07:55,726 - configstream.parsers.extraction - WARNING - [-] - [extraction.py:408] - All lines dropped. Reasons: {'missing_protocol_separator': 1}. Samples: ['託... [missing_protocol_separator]']
2026-02-02 22:07:55,728 - configstream.parsers.extraction - WARNING - [-] - [extraction.py:408] - All lines dropped. Reasons: {'missing_protocol_separator': 1}. Samples: ['\U000ab650... [missing_protocol_separator]']
2026-02-02 22:07:55,729 - configstream.parsers.extraction - WARNING - [-] - [extraction.py:408] - All lines dropped. Reasons: {'missing_protocol_separator': 1}. Samples: ['ô\x86Å\x8b\U00062b18K... [missing_protocol_separator]']
2026-02-02 22:07:55,730 - configstream.parsers.extraction - WARNING - [-] - [extraction.py:408] - All lines dropped. Reasons: {'missing_protocol_separator': 1}. Samples: ['7ªÅ... [missing_protocol_separator]']
2026-02-02 22:07:55,732 - configstream.parsers.extraction - WARNING - [-] - [extraction.py:408] - All lines dropped. Reasons: {'missing_protocol_separator': 1}. Samples: ['4\U000c1bcd\x16Í\U000b3969{\x83\x18\x87\x91\x17&¤w\U00097c1e\x06\x84\x04\U00066ab9\U001025cbá... [missing_protocol_separator]']
2026-02-02 22:07:55,733 - configstream.parsers.extraction - WARNING - [-] - [extraction.py:408] - All lines dropped. Reasons: {'missing_protocol_separator': 1}. Samples: ['¦m... [missing_protocol_separator]']
2026-02-02 22:07:55,734 - configstream.parsers.extraction - WARNING - [-] - [extraction.py:408] - All lines dropped. Reasons: {'missing_protocol_separator': 1}. Samples: ['Û\x90\x90\x10... [missing_protocol_separator]']
2026-02-02 22:07:55,735 - configstream.parsers.extraction - WARNING - [-] - [extraction.py:408] - All lines dropped. Reasons: {'missing_protocol_separator': 1}. Samples: ['j\x90S`\x84... [missing_protocol_separator]']
2026-02-02 22:07:55,737 - configstream.parsers.extraction - WARNING - [-] - [extraction.py:408] - All lines dropped. Reasons: {'missing_protocol_separator': 1}. Samples: ['1°År... [missing_protocol_separator]']
2026-02-02 22:07:55,738 - configstream.parsers.extraction - WARNING - [-] - [extraction.py:408] - All lines dropped. Reasons: {'missing_protocol_separator': 1}. Samples: ['_𫔚;¡\x00\U0007778e\x87\x80Î6... [missing_protocol_separator]']
2026-02-02 22:07:55,739 - configstream.parsers.extraction - WARNING - [-] - [extraction.py:408] - All lines dropped. Reasons: {'missing_protocol_separator': 1}. Samples: [')... [missing_protocol_separator]']
2026-02-02 22:07:55,741 - configstream.parsers.extraction - WARNING - [-] - [extraction.py:408] - All lines dropped. Reasons: {'missing_protocol_separator': 1}. Samples: ['Î\x8b... [missing_protocol_separator]']
2026-02-02 22:07:55,742 - configstream.parsers.extraction - WARNING - [-] - [extraction.py:408] - All lines dropped. Reasons: {'missing_protocol_separator': 1}. Samples: ['\U0007be9eÑ]... [missing_protocol_separator]']
2026-02-02 22:07:55,743 - configstream.parsers.extraction - WARNING - [-] - [extraction.py:408] - All lines dropped. Reasons: {'missing_protocol_separator': 1}. Samples: ['t... [missing_protocol_separator]']
2026-02-02 22:07:55,745 - configstream.parsers.extraction - WARNING - [-] - [extraction.py:408] - All lines dropped. Reasons: {'missing_protocol_separator': 2}. Samples: ['𨐳ç\U0001490a$*á?8\x01\x91\U0010a0dc\U000b2e0a{\U00062ecb... [missing_protocol_separator]', '\U0008545dã... [missing_protocol_separator]']
2026-02-02 22:07:55,746 - configstream.parsers.extraction - WARNING - [-] - [extraction.py:408] - All lines dropped. Reasons: {'missing_protocol_separator': 1}. Samples: ['W𡘉\x92~Î²\x8c... [missing_protocol_separator]']
2026-02-02 22:07:55,747 - configstream.parsers.extraction - WARNING - [-] - [extraction.py:408] - All lines dropped. Reasons: {'missing_protocol_separator': 1}. Samples: ['¬... [missing_protocol_separator]']
2026-02-02 22:07:55,749 - configstream.parsers.extraction - WARNING - [-] - [extraction.py:408] - All lines dropped. Reasons: {'missing_protocol_separator': 1}. Samples:[MASKED]@$\x8e\U0004545a\x8c\x03g... [missing_protocol_separator]']
2026-02-02 22:07:55,750 - configstream.parsers.extraction - WARNING - [-] - [extraction.py:408] - All lines dropped. Reasons: {'missing_protocol_separator': 2}. Samples: ['Pb2\x05?²\x02g¾\x88W8... [missing_protocol_separator]', '\x8d\U00108eae... [missing_protocol_separator]']
2026-02-02 22:07:55,751 - configstream.parsers.extraction - WARNING - [-] - [extraction.py:408] - All lines dropped. Reasons: {'missing_protocol_separator': 1}. Samples: ['ö... [missing_protocol_separator]']
2026-02-02 22:07:55,753 - configstream.parsers.extraction - WARNING - [-] - [extraction.py:408] - All lines dropped. Reasons: {'missing_protocol_separator': 1}. Samples: ['1¯컆... [missing_protocol_separator]']
2026-02-02 22:07:55,754 - configstream.parsers.extraction - WARNING - [-] - [extraction.py:408] - All lines dropped. Reasons: {'missing_protocol_separator': 1}. Samples: ['G... [missing_protocol_separator]']
2026-02-02 22:07:55,756 - configstream.parsers.extraction - WARNING - [-] - [extraction.py:408] - All lines dropped. Reasons: {'missing_protocol_separator': 1}. Samples: ['F\U0004a7e5,𱔺|\x04ö\U0010b776Ἄtù𤝙\x08²... [missing_protocol_separator]']
2026-02-02 22:07:55,757 - configstream.parsers.extraction - WARNING - [-] - [extraction.py:408] - All lines dropped. Reasons: {'missing_protocol_separator': 2}. Samples: ['\x1b¡>... [missing_protocol_separator]', '©\U000753c3\U0008fefb\x94ô\x8aEs\x89\U000d80a5... [missing_protocol_separator]']
2026-02-02 22:07:55,759 - configstream.parsers.extraction - WARNING - [-] - [extraction.py:408] - All lines dropped. Reasons: {'missing_protocol_separator': 1}. Samples: ['垀\U000f63f9\U00096ffeÎ碇$¶äJ... [missing_protocol_separator]']
2026-02-02 22:07:55,760 - configstream.parsers.extraction - WARNING - [-] - [extraction.py:408] - All lines dropped. Reasons: {'missing_protocol_separator': 1}. Samples: ['r... [missing_protocol_separator]']
2026-02-02 22:07:55,770 - configstream.adaptive_workers - INFO - [-] - [adaptive_workers.py:53] - Auto-calculated optimal workers: 60
2026-02-02 22:07:55,774 - configstream.test_cache - INFO - [-] - [test_cache.py:64] - Loaded 1 entries from cache file: data/test_cache.json
2026-02-02 22:07:55,781 - configstream.pipeline - INFO - [-] - [pipeline.py:166] - Initializing security blocklists...
2026-02-02 22:07:55,792 - configstream.workers.scanner - WARNING - [-] - [scanner.py:50] - WarpScannerWorker: Go binary not found. Active scanning will be disabled.
2026-02-02 22:07:55,793 - configstream.pipeline - INFO - [-] - [pipeline.py:217] - Vwarp tunnel disabled by configuration.
2026-02-02 22:07:55,793 - configstream.pipeline - INFO - [-] - [pipeline.py:228] - 🚀 Auto-scaling to 6 consumers based on 4 cores.
2026-02-02 22:07:55,793 - configstream.pipeline - INFO - [-] - [pipeline.py:251] - Starting pipeline with 60 initial workers
2026-02-02 22:07:55,802 - configstream.testers.go - ERROR - [-] - [go.py:88] - CRITICAL: Go batch tester binary not found (searched: configstream-tester, env: None, PATH). No proxies will be tested via the high-performance path!
2026-02-02 22:07:55,802 - configstream.pipeline - WARNING - [-] - [pipeline.py:265] - Go tester unavailable - Falling back to Python tester. Starting global concurrency tuner.
2026-02-02 22:07:55,803 - configstream.pipeline - INFO - [-] - [pipeline.py:271] - Starting pipeline with 6 parallel consumers
2026-02-02 22:07:55,803 - configstream.pipeline - INFO - [-] - [pipeline.py:276] - Batch time limit enabled: 20000s (soft stop with partial output).
2026-02-02 22:07:55,830 - configstream.pipeline_core.producer - ERROR - [-] - [producer.py:149] - ALL 1 remote sources are on cooldown/disabled - no proxies will be fetched!
2026-02-02 22:07:55,831 - configstream.pipeline_core.producer - INFO - [-] - [producer.py:155] - 1 source(s) were skipped due to cooldown/disabled status.
2026-02-02 22:07:55,839 - configstream.pipeline_core.sorter - WARNING - [-] - [sorter.py:59] - No proxies to sort
2026-02-02 22:07:55,839 - configstream.pipeline - INFO - [-] - [pipeline.py:429] - ⚠️ Top 5 Failing Sources:
  - http://127.0.0.1:8080/test_source_content.txt: score=0.0, reason=High Failures
  - /tmp/pytest-of-jules/pytest-1/test_mixed_protocols_dry_run0/mixed_sources.txt: score=0.0, reason=Low Reliability
  - /tmp/pytest-of-jules/pytest-1/test_full_pipeline_with_local_0/source.txt: score=0.0, reason=Low Reliability
2026-02-02 22:07:55,840 - configstream.pipeline_core.output_handler - INFO - [-] - [output_handler.py:32] - Starting final output generation phase...
2026-02-02 22:07:55,843 - configstream.pipeline_core.output_handler - INFO - [-] - [output_handler.py:40] - Applying proxy tagging with template: {geo} | {stack} | {latency_tag} | {status_tag} | {process_tag} | {issue_tag}
2026-02-02 22:07:55,844 - configstream.tagging - INFO - [-] - [tagging.py:309] - Applying name template '{geo} | {stack} | {latency_tag} | {status_tag} | {process_tag} | {issue_tag}' to 0 proxies...
2026-02-02 22:07:55,844 - configstream.tagging - INFO - [-] - [tagging.py:327] - Tagged 0 proxies with template metadata
2026-02-02 22:07:55,848 - configstream.intelligence.chaining - INFO - [-] - [chaining.py:804] - Enhanced smart chains generated: 0 chains across 9 categories. intranet=0, intranet_washed=0, ipv6=0, streamer=0, censorship_resistant=0, low_latency=0, high_anonymity=0, load_balanced=0
2026-02-02 22:07:55,852 - configstream.pipeline_core.output_handler - INFO - [-] - [output_handler.py:118] - No revived proxies found to export (revived.json will not be created).
2026-02-02 22:07:55,857 - configstream.generators.clash - WARNING - [-] - [clash.py:49] - No valid proxies for Clash config generation
2026-02-02 22:07:55,860 - configstream.adapters - INFO - [-] - [adapters.py:374] - Shadowrocket export summary: 0 links (Reconstructed: 0)
2026-02-02 22:07:55,862 - configstream.adapters - INFO - [-] - [adapters.py:243] - Quantumult X export summary: 0 proxies (Failures: 0)
2026-02-02 22:07:55,864 - configstream.adapters - INFO - [-] - [adapters.py:75] - Surge export summary: 0 proxies, 0 chains (Total Lines: 1, Failures: 0)
2026-02-02 22:07:55,866 - configstream.adapters - INFO - [-] - [adapters.py:173] - Loon export summary: 0 proxies, 0 chains
2026-02-02 22:07:55,868 - configstream.adapters - INFO - [-] - [adapters.py:617] - SIP008 export summary: 0 Shadowsocks servers
2026-02-02 22:07:55,871 - configstream.output_logic - INFO - [-] - [output_logic.py:335] - Generated 11 output files.
2026-02-02 22:07:55,886 - configstream.history.export - INFO - [-] - [export.py:58] - Exported history visualization data to /tmp/pytest-of-jules/pytest-1/test_failure_mode_cooldown0/out/data/proxy_history_viz.json
2026-02-02 22:07:55,887 - configstream.history.export - INFO - [-] - [export.py:73] - Generating active proxy trend data...
2026-02-02 22:07:55,889 - configstream.history.export - INFO - [-] - [export.py:130] - Exported active proxy trend data to /tmp/pytest-of-jules/pytest-1/test_failure_mode_cooldown0/out/data/active_proxy_trend.json
2026-02-02 22:07:55,890 - configstream.pipeline_core.output_handler - INFO - [-] - [output_handler.py:180] - Output generation complete. Files created in /tmp/pytest-of-jules/pytest-1/test_failure_mode_cooldown0/out
2026-02-02 22:07:55,893 - configstream.test_cache - INFO - [-] - [test_cache.py:112] - Saved 1 entries to cache file: data/test_cache.json
2026-02-02 22:07:55,939 - configstream.testers.go - INFO - [-] - [go.py:244] - Go Batch Tester shutdown complete.
2026-02-02 22:07:55,940 - configstream.event_stream - INFO - [-] - [event_stream.py:32] - [stream_close] Event stream closing.
2026-02-02 22:07:55,949 - configstream.adaptive_workers - INFO - [-] - [adaptive_workers.py:53] - Auto-calculated optimal workers: 60
2026-02-02 22:07:55,953 - configstream.test_cache - INFO - [-] - [test_cache.py:64] - Loaded 1 entries from cache file: data/test_cache.json
2026-02-02 22:07:55,959 - configstream.pipeline - INFO - [-] - [pipeline.py:166] - Initializing security blocklists...
2026-02-02 22:07:55,971 - configstream.workers.scanner - WARNING - [-] - [scanner.py:50] - WarpScannerWorker: Go binary not found. Active scanning will be disabled.
2026-02-02 22:07:55,971 - configstream.pipeline - INFO - [-] - [pipeline.py:217] - Vwarp tunnel disabled by configuration.
2026-02-02 22:07:55,971 - configstream.pipeline - INFO - [-] - [pipeline.py:228] - 🚀 Auto-scaling to 6 consumers based on 4 cores.
2026-02-02 22:07:55,971 - configstream.pipeline - INFO - [-] - [pipeline.py:251] - Starting pipeline with 60 initial workers
2026-02-02 22:07:55,980 - configstream.testers.go - ERROR - [-] - [go.py:88] - CRITICAL: Go batch tester binary not found (searched: configstream-tester, env: None, PATH). No proxies will be tested via the high-performance path!
2026-02-02 22:07:55,981 - configstream.pipeline - WARNING - [-] - [pipeline.py:265] - Go tester unavailable - Falling back to Python tester. Starting global concurrency tuner.
2026-02-02 22:07:55,981 - configstream.pipeline - INFO - [-] - [pipeline.py:271] - Starting pipeline with 6 parallel consumers
2026-02-02 22:07:55,981 - configstream.pipeline - INFO - [-] - [pipeline.py:276] - Batch time limit enabled: 20000s (soft stop with partial output).
2026-02-02 22:07:56,032 - configstream.pipeline_core.consumer - INFO - [-] - [consumer.py:514] - Source Summary [/tmp/pytest-of-jules/pytest-1/test_failure_mode_anomaly_db_c0/sources.txt]: Raw=1 Parsed=1 Tested=1 Working=1 Fetch=0ms Dur=18ms
2026-02-02 22:07:56,044 - configstream.pipeline_core.sorter - INFO - [-] - [sorter.py:54] - Sorted 1 proxies using Pareto scoring (latency: avg=123.5ms, min=123.5ms, max=123.5ms)
2026-02-02 22:07:56,045 - configstream.pipeline - INFO - [-] - [pipeline.py:429] - ⚠️ Top 5 Failing Sources:
  - http://127.0.0.1:8080/test_source_content.txt: score=0.0, reason=High Failures
  - /tmp/pytest-of-jules/pytest-1/test_mixed_protocols_dry_run0/mixed_sources.txt: score=0.0, reason=Low Reliability
  - /tmp/pytest-of-jules/pytest-1/test_full_pipeline_with_local_0/source.txt: score=0.0, reason=Low Reliability
  - /tmp/pytest-of-jules/pytest-1/test_failure_mode_anomaly_db_c0/sources.txt: score=0.0, reason=Low Reliability
2026-02-02 22:07:56,046 - configstream.pipeline_core.output_handler - INFO - [-] - [output_handler.py:32] - Starting final output generation phase...
2026-02-02 22:07:56,050 - configstream.pipeline_core.output_handler - INFO - [-] - [output_handler.py:40] - Applying proxy tagging with template: {geo} | {stack} | {latency_tag} | {status_tag} | {process_tag} | {issue_tag}
2026-02-02 22:07:56,050 - configstream.tagging - INFO - [-] - [tagging.py:309] - Applying name template '{geo} | {stack} | {latency_tag} | {status_tag} | {process_tag} | {issue_tag}' to 1 proxies...
2026-02-02 22:07:56,050 - configstream.tagging - INFO - [-] - [tagging.py:327] - Tagged 1 proxies with template metadata
2026-02-02 22:07:56,050 - configstream.pipeline_core.output_handler - INFO - [-] - [output_handler.py:68] - WARP wrap skipped for all proxies (no valid WARP endpoints or keys found).
2026-02-02 22:07:56,055 - configstream.intelligence.chaining - INFO - [-] - [chaining.py:804] - Enhanced smart chains generated: 0 chains across 9 categories. intranet=0, intranet_washed=0, ipv6=0, streamer=0, censorship_resistant=0, low_latency=0, high_anonymity=0, load_balanced=0
2026-02-02 22:07:56,059 - configstream.pipeline_core.output_handler - INFO - [-] - [output_handler.py:118] - No revived proxies found to export (revived.json will not be created).
2026-02-02 22:07:56,075 - configstream.adapters - INFO - [-] - [adapters.py:374] - Shadowrocket export summary: 1 links (Reconstructed: 0)
2026-02-02 22:07:56,077 - configstream.adapters - INFO - [-] - [adapters.py:243] - Quantumult X export summary: 1 proxies (Failures: 0)
2026-02-02 22:07:56,079 - configstream.adapters - INFO - [-] - [adapters.py:75] - Surge export summary: 1 proxies, 0 chains (Total Lines: 2, Failures: 0)
2026-02-02 22:07:56,083 - configstream.adapters - INFO - [-] - [adapters.py:173] - Loon export summary: 1 proxies, 0 chains
2026-02-02 22:07:56,085 - configstream.adapters - INFO - [-] - [adapters.py:617] - SIP008 export summary: 1 Shadowsocks servers
2026-02-02 22:07:56,095 - configstream.output_logic - INFO - [-] - [output_logic.py:335] - Generated 17 output files.
2026-02-02 22:07:56,110 - configstream.history.export - INFO - [-] - [export.py:58] - Exported history visualization data to /tmp/pytest-of-jules/pytest-1/test_failure_mode_anomaly_db_c0/out/data/proxy_history_viz.json
2026-02-02 22:07:56,111 - configstream.history.export - INFO - [-] - [export.py:73] - Generating active proxy trend data...
2026-02-02 22:07:56,114 - configstream.history.export - INFO - [-] - [export.py:130] - Exported active proxy trend data to /tmp/pytest-of-jules/pytest-1/test_failure_mode_anomaly_db_c0/out/data/active_proxy_trend.json
2026-02-02 22:07:56,115 - configstream.pipeline_core.output_handler - INFO - [-] - [output_handler.py:180] - Output generation complete. Files created in /tmp/pytest-of-jules/pytest-1/test_failure_mode_anomaly_db_c0/out
2026-02-02 22:07:56,118 - configstream.test_cache - INFO - [-] - [test_cache.py:112] - Saved 1 entries to cache file: data/test_cache.json
2026-02-02 22:07:56,162 - configstream.testers.go - INFO - [-] - [go.py:244] - Go Batch Tester shutdown complete.
2026-02-02 22:07:56,162 - configstream.event_stream - INFO - [-] - [event_stream.py:32] - [stream_close] Event stream closing.
2026-02-02 22:07:56,173 - configstream.adaptive_workers - INFO - [-] - [adaptive_workers.py:53] - Auto-calculated optimal workers: 60
2026-02-02 22:07:56,181 - configstream.test_cache - INFO - [-] - [test_cache.py:64] - Loaded 1 entries from cache file: data/test_cache.json
2026-02-02 22:07:56,187 - configstream.pipeline - INFO - [-] - [pipeline.py:166] - Initializing security blocklists...
2026-02-02 22:07:56,201 - configstream.workers.scanner - WARNING - [-] - [scanner.py:50] - WarpScannerWorker: Go binary not found. Active scanning will be disabled.
2026-02-02 22:07:56,201 - configstream.pipeline - INFO - [-] - [pipeline.py:217] - Vwarp tunnel disabled by configuration.
2026-02-02 22:07:56,202 - configstream.pipeline - INFO - [-] - [pipeline.py:228] - 🚀 Auto-scaling to 6 consumers based on 4 cores.
2026-02-02 22:07:56,202 - configstream.pipeline - INFO - [-] - [pipeline.py:251] - Starting pipeline with 60 initial workers
2026-02-02 22:07:56,211 - configstream.testers.go - ERROR - [-] - [go.py:88] - CRITICAL: Go batch tester binary not found (searched: configstream-tester, env: None, PATH). No proxies will be tested via the high-performance path!
2026-02-02 22:07:56,211 - configstream.pipeline - WARNING - [-] - [pipeline.py:265] - Go tester unavailable - Falling back to Python tester. Starting global concurrency tuner.
2026-02-02 22:07:56,211 - configstream.pipeline - INFO - [-] - [pipeline.py:271] - Starting pipeline with 6 parallel consumers
2026-02-02 22:07:56,211 - configstream.pipeline - INFO - [-] - [pipeline.py:276] - Batch time limit enabled: 20000s (soft stop with partial output).
2026-02-02 22:07:56,258 - configstream.pipeline_core.consumer - INFO - [-] - [consumer.py:514] - Source Summary [/tmp/pytest-of-jules/pytest-1/test_failure_mode_vt_missing0/sources.txt]: Raw=1 Parsed=1 Tested=1 Working=1 Fetch=0ms Dur=18ms
2026-02-02 22:07:56,269 - configstream.pipeline_core.sorter - INFO - [-] - [sorter.py:54] - Sorted 1 proxies using Pareto scoring (latency: avg=123.5ms, min=123.5ms, max=123.5ms)
2026-02-02 22:07:56,269 - configstream.pipeline - INFO - [-] - [pipeline.py:429] - ⚠️ Top 5 Failing Sources:
  - http://127.0.0.1:8080/test_source_content.txt: score=0.0, reason=High Failures
  - /tmp/pytest-of-jules/pytest-1/test_mixed_protocols_dry_run0/mixed_sources.txt: score=0.0, reason=Low Reliability
  - /tmp/pytest-of-jules/pytest-1/test_full_pipeline_with_local_0/source.txt: score=0.0, reason=Low Reliability
  - /tmp/pytest-of-jules/pytest-1/test_failure_mode_anomaly_db_c0/sources.txt: score=0.0, reason=Low Reliability
  - /tmp/pytest-of-jules/pytest-1/test_failure_mode_vt_missing0/sources.txt: score=0.0, reason=Low Reliability
2026-02-02 22:07:56,270 - configstream.pipeline_core.output_handler - INFO - [-] - [output_handler.py:32] - Starting final output generation phase...
2026-02-02 22:07:56,274 - configstream.pipeline_core.output_handler - INFO - [-] - [output_handler.py:40] - Applying proxy tagging with template: {geo} | {stack} | {latency_tag} | {status_tag} | {process_tag} | {issue_tag}
2026-02-02 22:07:56,274 - configstream.tagging - INFO - [-] - [tagging.py:309] - Applying name template '{geo} | {stack} | {latency_tag} | {status_tag} | {process_tag} | {issue_tag}' to 1 proxies...
2026-02-02 22:07:56,275 - configstream.tagging - INFO - [-] - [tagging.py:327] - Tagged 1 proxies with template metadata
2026-02-02 22:07:56,275 - configstream.pipeline_core.output_handler - INFO - [-] - [output_handler.py:68] - WARP wrap skipped for all proxies (no valid WARP endpoints or keys found).
2026-02-02 22:07:56,279 - configstream.intelligence.chaining - INFO - [-] - [chaining.py:804] - Enhanced smart chains generated: 0 chains across 9 categories. intranet=0, intranet_washed=0, ipv6=0, streamer=0, censorship_resistant=0, low_latency=0, high_anonymity=0, load_balanced=0
2026-02-02 22:07:56,283 - configstream.pipeline_core.output_handler - INFO - [-] - [output_handler.py:118] - No revived proxies found to export (revived.json will not be created).
2026-02-02 22:07:56,300 - configstream.adapters - INFO - [-] - [adapters.py:374] - Shadowrocket export summary: 1 links (Reconstructed: 0)
2026-02-02 22:07:56,302 - configstream.adapters - INFO - [-] - [adapters.py:243] - Quantumult X export summary: 1 proxies (Failures: 0)
2026-02-02 22:07:56,305 - configstream.adapters - INFO - [-] - [adapters.py:75] - Surge export summary: 1 proxies, 0 chains (Total Lines: 2, Failures: 0)
2026-02-02 22:07:56,307 - configstream.adapters - INFO - [-] - [adapters.py:173] - Loon export summary: 1 proxies, 0 chains
2026-02-02 22:07:56,309 - configstream.adapters - INFO - [-] - [adapters.py:617] - SIP008 export summary: 1 Shadowsocks servers
2026-02-02 22:07:56,317 - configstream.output_logic - INFO - [-] - [output_logic.py:335] - Generated 17 output files.
2026-02-02 22:07:56,332 - configstream.history.export - INFO - [-] - [export.py:58] - Exported history visualization data to /tmp/pytest-of-jules/pytest-1/test_failure_mode_vt_missing0/out/data/proxy_history_viz.json
2026-02-02 22:07:56,333 - configstream.history.export - INFO - [-] - [export.py:73] - Generating active proxy trend data...
2026-02-02 22:07:56,336 - configstream.history.export - INFO - [-] - [export.py:130] - Exported active proxy trend data to /tmp/pytest-of-jules/pytest-1/test_failure_mode_vt_missing0/out/data/active_proxy_trend.json
2026-02-02 22:07:56,337 - configstream.pipeline_core.output_handler - INFO - [-] - [output_handler.py:180] - Output generation complete. Files created in /tmp/pytest-of-jules/pytest-1/test_failure_mode_vt_missing0/out
2026-02-02 22:07:56,340 - configstream.test_cache - INFO - [-] - [test_cache.py:112] - Saved 1 entries to cache file: data/test_cache.json
2026-02-02 22:07:56,383 - configstream.testers.go - INFO - [-] - [go.py:244] - Go Batch Tester shutdown complete.
2026-02-02 22:07:56,384 - configstream.event_stream - INFO - [-] - [event_stream.py:32] - [stream_close] Event stream closing.
2026-02-02 22:07:56,422 - configstream.converters.singbox - WARNING - [-] - [singbox.py:121] - Dropping VLESS proxy missing UUID: example.com:443. Source: unknown
2026-02-02 22:07:56,428 - configstream.adaptive_workers - INFO - [-] - [adaptive_workers.py:53] - Auto-calculated optimal workers: 60
2026-02-02 22:07:56,444 - configstream.adaptive_workers - INFO - [-] - [adaptive_workers.py:53] - Auto-calculated optimal workers: 26
2026-02-02 22:07:56,447 - configstream.adaptive_workers - INFO - [-] - [adaptive_workers.py:53] - Auto-calculated optimal workers: 200
2026-02-02 22:07:56,450 - configstream.adaptive_workers - WARNING - [-] - [adaptive_workers.py:57] - Failed to calculate optimal workers: Error
2026-02-02 22:07:56,458 - configstream.security.blocklist - INFO - [-] - [blocklist.py:134] - Loaded 2 blocked networks from FireHol Level 1.
2026-02-02 22:07:56,528 - configstream.converters.singbox - WARNING - [-] - [singbox.py:466] - Dropped unknown proxy 1.1.1.1 during conversion. Reason: Logic fell through (Missing implementation or valid fields). Details: {}
2026-02-02 22:07:56,567 - configstream.intelligence.washer.core - INFO - [-] - [core.py:124] - Loaded 2 WARP keys for washing
2026-02-02 22:07:56,576 - configstream.workers.scanner - WARNING - [-] - [scanner.py:50] - WarpScannerWorker: Go binary not found. Active scanning will be disabled.
2026-02-02 22:07:56,580 - configstream.intelligence.washer.core - INFO - [-] - [core.py:124] - Loaded 2 WARP keys for washing
2026-02-02 22:07:56,589 - configstream.workers.scanner - WARNING - [-] - [scanner.py:50] - WarpScannerWorker: Go binary not found. Active scanning will be disabled.
2026-02-02 22:07:56,598 - configstream.intelligence.washer.core - INFO - [-] - [core.py:124] - Loaded 2 WARP keys for washing
2026-02-02 22:07:56,606 - configstream.workers.scanner - WARNING - [-] - [scanner.py:50] - WarpScannerWorker: Go binary not found. Active scanning will be disabled.
2026-02-02 22:07:56,614 - configstream.intelligence.washer.core - INFO - [-] - [core.py:124] - Loaded 2 WARP keys for washing
2026-02-02 22:07:56,622 - configstream.workers.scanner - WARNING - [-] - [scanner.py:50] - WarpScannerWorker: Go binary not found. Active scanning will be disabled.
2026-02-02 22:07:56,679 - configstream.history.storage - ERROR - [-] - [storage.py:32] - History file too large: 105906176 bytes (max: 104857600)
2026-02-02 22:07:56,683 - configstream.history.storage - WARNING - [-] - [storage.py:41] - Failed to load proxy history: unexpected character: line 1 column 1 (char 0)
2026-02-02 22:07:56,688 - configstream.history.storage - ERROR - [-] - [storage.py:51] - Failed to save proxy history: Fail
2026-02-02 22:07:56,699 - configstream.history.export - INFO - [-] - [export.py:58] - Exported history visualization data to /tmp/pytest-of-jules/pytest-1/test_export_visualization0/viz.json
2026-02-02 22:07:56,704 - configstream.history.export - INFO - [-] - [export.py:73] - Generating active proxy trend data...
2026-02-02 22:07:56,707 - configstream.history.export - INFO - [-] - [export.py:130] - Exported active proxy trend data to /tmp/pytest-of-jules/pytest-1/test_export_active_trend0/trend.json
2026-02-02 22:07:56,711 - configstream.history.export - INFO - [-] - [export.py:73] - Generating active proxy trend data...
2026-02-02 22:07:56,712 - configstream.history.export - WARNING - [-] - [export.py:107] - No working proxy data found for trend analysis.
2026-02-02 22:07:56,727 - configstream.intelligence.chaining - INFO - [-] - [chaining.py:804] - Enhanced smart chains generated: 7 chains across 9 categories. intranet=1, intranet_washed=0, ipv6=0, streamer=1, censorship_resistant=1, low_latency=0, high_anonymity=0, load_balanced=3
2026-02-02 22:07:56,735 - configstream.intelligence.vectors - INFO - [-] - [vectors.py:101] - Generated static vectors for 1 proxies
2026-02-02 22:07:56,739 - configstream.intelligence.vectors - ERROR - [-] - [vectors.py:103] - Failed to generate vectors: Fail
2026-02-02 22:07:56,782 - configstream.pipeline_core.consumer - INFO - [-] - [consumer.py:514] - Source Summary [test-source]: Raw=1 Parsed=1 Tested=1 Working=1 Fetch=0ms Dur=11ms
2026-02-02 22:07:56,789 - configstream.pipeline_core.sorter - WARNING - [-] - [sorter.py:59] - No proxies to sort
2026-02-02 22:07:56,791 - configstream.pipeline_core.sorter - INFO - [-] - [sorter.py:54] - Sorted 1 proxies using Pareto scoring (latency: avg=100.0ms, min=100.0ms, max=100.0ms)
2026-02-02 22:07:56,795 - configstream.pipeline_core.sorter - INFO - [-] - [sorter.py:54] - Sorted 2 proxies using Pareto scoring (latency: avg=275.0ms, min=50.0ms, max=500.0ms)
2026-02-02 22:07:56,798 - configstream.pipeline_core.sorter - INFO - [-] - [sorter.py:54] - Sorted 2 proxies using Pareto scoring (latency: avg=100.0ms, min=100.0ms, max=100.0ms)
2026-02-02 22:07:56,802 - configstream.pipeline_core.sorter - INFO - [-] - [sorter.py:54] - Sorted 3 proxies using Pareto scoring (latency: avg=2500.0ms, min=500.0ms, max=5000.0ms)
2026-02-02 22:07:56,805 - configstream.pipeline_core.sorter - INFO - [-] - [sorter.py:54] - Sorted 2 proxies using Pareto scoring (latency: avg=100.0ms, min=100.0ms, max=100.0ms)
2026-02-02 22:07:56,810 - configstream.pipeline_core.sorter - INFO - [-] - [sorter.py:54] - Sorted 2 proxies using Pareto scoring (latency: avg=100.0ms, min=100.0ms, max=100.0ms)
2026-02-02 22:07:56,813 - configstream.pipeline_core.sorter - INFO - [-] - [sorter.py:54] - Sorted 2 proxies using Pareto scoring (latency: avg=100.0ms, min=100.0ms, max=100.0ms)
2026-02-02 22:07:56,817 - configstream.pipeline_core.sorter - INFO - [-] - [sorter.py:54] - Sorted 3 proxies using Pareto scoring (latency: avg=383.3ms, min=50.0ms, max=900.0ms)
2026-02-02 22:07:56,820 - configstream.pipeline_core.sorter - INFO - [-] - [sorter.py:54] - Sorted 5 proxies using Pareto scoring (latency: avg=100.0ms, min=100.0ms, max=100.0ms)
2026-02-02 22:07:56,823 - configstream.pipeline_core.sorter - INFO - [-] - [sorter.py:54] - Sorted 2 proxies using Pareto scoring (latency: avg=100.0ms, min=100.0ms, max=100.0ms)
2026-02-02 22:07:56,826 - configstream.pipeline_core.sorter - INFO - [-] - [sorter.py:54] - Sorted 2 proxies using Pareto scoring (latency: avg=5000.5ms, min=1.0ms, max=10000.0ms)
2026-02-02 22:07:56,829 - configstream.pipeline_core.sorter - INFO - [-] - [sorter.py:54] - Sorted 2 proxies using Pareto scoring (latency: avg=150.0ms, min=100.0ms, max=200.0ms)
2026-02-02 22:07:56,835 - configstream.pipeline_core.sorter - INFO - [-] - [sorter.py:54] - Sorted 100 proxies using Pareto scoring (latency: avg=505.0ms, min=10.0ms, max=1000.0ms)
2026-02-02 22:07:56,839 - configstream.pipeline_core.sorter - INFO - [-] - [sorter.py:54] - Sorted 2 proxies using Pareto scoring (latency: avg=100.0ms, min=100.0ms, max=100.0ms)
2026-02-02 22:07:56,842 - configstream.pipeline_core.sorter - INFO - [-] - [sorter.py:54] - Sorted 1 proxies using Pareto scoring (latency: avg=500.0ms, min=500.0ms, max=500.0ms)
2026-02-02 22:07:56,885 - configstream.quality.storage - INFO - [-] - [storage.py:435] - Merged source stats from /tmp/pytest-of-jules/pytest-1/test_storage_merge0/q2.db
2026-02-02 22:07:56,904 - configstream.quality.storage - ERROR - [-] - [storage.py:120] - Unexpected error initializing source quality DB: DB Error
Traceback (most recent call last):
  File "/app/src/configstream/quality/storage.py", line 43, in _init_db
    conn = self._get_conn()
           ^^^^^^^^^^^^^^^^
  File "/app/src/configstream/quality/storage.py", line 34, in _get_conn
    conn = sqlite3.connect(self.db_path, check_same_thread=False, timeout=20)
           ^^^^^^^^^^^^^^^^^^^^^^^^^^^^^^^^^^^^^^^^^^^^^^^^^^^^^^^^^^^^^^^^^^
  File "/home/jules/.pyenv/versions/3.12.12/lib/python3.12/unittest/mock.py", line 1139, in __call__
    return self._mock_call(*args, **kwargs)
           ^^^^^^^^^^^^^^^^^^^^^^^^^^^^^^^^
  File "/home/jules/.pyenv/versions/3.12.12/lib/python3.12/unittest/mock.py", line 1143, in _mock_call
    return self._execute_mock_call(*args, **kwargs)
           ^^^^^^^^^^^^^^^^^^^^^^^^^^^^^^^^^^^^^^^^
  File "/home/jules/.pyenv/versions/3.12.12/lib/python3.12/unittest/mock.py", line 1198, in _execute_mock_call
    raise effect
Exception: DB Error
2026-02-02 22:07:56,908 - configstream.quality.storage - ERROR - [-] - [storage.py:277] - Failed to update stats for url: DB Error
2026-02-02 22:07:56,909 - configstream.quality.storage - ERROR - [-] - [storage.py:173] - Unexpected error getting source state for url: DB Error
Traceback (most recent call last):
  File "/app/src/configstream/quality/storage.py", line 157, in get_source_state
    conn = self._get_conn()
           ^^^^^^^^^^^^^^^^
  File "/app/src/configstream/quality/storage.py", line 34, in _get_conn
    conn = sqlite3.connect(self.db_path, check_same_thread=False, timeout=20)
           ^^^^^^^^^^^^^^^^^^^^^^^^^^^^^^^^^^^^^^^^^^^^^^^^^^^^^^^^^^^^^^^^^^
  File "/home/jules/.pyenv/versions/3.12.12/lib/python3.12/unittest/mock.py", line 1139, in __call__
    return self._mock_call(*args, **kwargs)
           ^^^^^^^^^^^^^^^^^^^^^^^^^^^^^^^^
  File "/home/jules/.pyenv/versions/3.12.12/lib/python3.12/unittest/mock.py", line 1143, in _mock_call
    return self._execute_mock_call(*args, **kwargs)
           ^^^^^^^^^^^^^^^^^^^^^^^^^^^^^^^^^^^^^^^^
  File "/home/jules/.pyenv/versions/3.12.12/lib/python3.12/unittest/mock.py", line 1198, in _execute_mock_call
    raise effect
  File "/app/src/configstream/quality/storage.py", line 182, in get_trust_score
    conn = self._get_conn()
           ^^^^^^^^^^^^^^^^
  File "/app/src/configstream/quality/storage.py", line 34, in _get_conn
    conn = sqlite3.connect(self.db_path, check_same_thread=False, timeout=20)
           ^^^^^^^^^^^^^^^^^^^^^^^^^^^^^^^^^^^^^^^^^^^^^^^^^^^^^^^^^^^^^^^^^^
  File "/home/jules/.pyenv/versions/3.12.12/lib/python3.12/unittest/mock.py", line 1139, in __call__
    return self._mock_call(*args, **kwargs)
           ^^^^^^^^^^^^^^^^^^^^^^^^^^^^^^^^
  File "/home/jules/.pyenv/versions/3.12.12/lib/python3.12/unittest/mock.py", line 1143, in _mock_call
    return self._execute_mock_call(*args, **kwargs)
           ^^^^^^^^^^^^^^^^^^^^^^^^^^^^^^^^^^^^^^^^
  File "/home/jules/.pyenv/versions/3.12.12/lib/python3.12/unittest/mock.py", line 1198, in _execute_mock_call
    raise effect
  File "/app/src/configstream/quality/storage.py", line 217, in upsert_stats
    conn = self._get_conn()
           ^^^^^^^^^^^^^^^^
  File "/app/src/configstream/quality/storage.py", line 34, in _get_conn
    conn = sqlite3.connect(self.db_path, check_same_thread=False, timeout=20)
           ^^^^^^^^^^^^^^^^^^^^^^^^^^^^^^^^^^^^^^^^^^^^^^^^^^^^^^^^^^^^^^^^^^
  File "/home/jules/.pyenv/versions/3.12.12/lib/python3.12/unittest/mock.py", line 1139, in __call__
    return self._mock_call(*args, **kwargs)
           ^^^^^^^^^^^^^^^^^^^^^^^^^^^^^^^^
  File "/home/jules/.pyenv/versions/3.12.12/lib/python3.12/unittest/mock.py", line 1143, in _mock_call
    return self._execute_mock_call(*args, **kwargs)
           ^^^^^^^^^^^^^^^^^^^^^^^^^^^^^^^^^^^^^^^^
  File "/home/jules/.pyenv/versions/3.12.12/lib/python3.12/unittest/mock.py", line 1198, in _execute_mock_call
    raise effect
  File "/app/src/configstream/quality/storage.py", line 43, in _init_db
    conn = self._get_conn()
           ^^^^^^^^^^^^^^^^
  File "/app/src/configstream/quality/storage.py", line 34, in _get_conn
    conn = sqlite3.connect(self.db_path, check_same_thread=False, timeout=20)
           ^^^^^^^^^^^^^^^^^^^^^^^^^^^^^^^^^^^^^^^^^^^^^^^^^^^^^^^^^^^^^^^^^^
  File "/home/jules/.pyenv/versions/3.12.12/lib/python3.12/unittest/mock.py", line 1139, in __call__
    return self._mock_call(*args, **kwargs)
           ^^^^^^^^^^^^^^^^^^^^^^^^^^^^^^^^
  File "/home/jules/.pyenv/versions/3.12.12/lib/python3.12/unittest/mock.py", line 1143, in _mock_call
    return self._execute_mock_call(*args, **kwargs)
           ^^^^^^^^^^^^^^^^^^^^^^^^^^^^^^^^^^^^^^^^
  File "/home/jules/.pyenv/versions/3.12.12/lib/python3.12/unittest/mock.py", line 1198, in _execute_mock_call
    raise effect
Exception: DB Error
2026-02-02 22:07:56,915 - configstream.security.rules - WARNING - [-] - [rules.py:97] - Suspicious address pattern found: suspicious.com
2026-02-02 22:07:56,916 - configstream.security.rules - WARNING - [-] - [rules.py:97] - Suspicious address pattern found: sub.suspicious.com
2026-02-02 22:07:56,917 - configstream.security.rules - WARNING - [-] - [rules.py:123] - Non-standard IP notation (possible DNS rebinding): 0x7f000001
2026-02-02 22:07:56,918 - configstream.security.rules - WARNING - [-] - [rules.py:135] - Non-standard IP notation (possible DNS rebinding): 0127.0.0.1
2026-02-02 22:07:56,919 - configstream.security.rules - WARNING - [-] - [rules.py:87] - Private IP detected: 127.0.0.1
2026-02-02 22:07:56,920 - configstream.security.rules - WARNING - [-] - [rules.py:87] - Private IP detected: 192.168.1.1
2026-02-02 22:07:56,921 - configstream.security.rules - WARNING - [-] - [rules.py:87] - Private IP detected: 10.0.0.1
2026-02-02 22:07:56,922 - configstream.security.rules - WARNING - [-] - [rules.py:202] - Special or private address detected: localhost
2026-02-02 22:07:56,922 - configstream.security.rules - WARNING - [-] - [rules.py:87] - Private IP detected: 172.16.0.1
2026-02-02 22:07:56,925 - configstream.security.rules - WARNING - [-] - [rules.py:214] - Unknown protocol detected: unknown
2026-02-02 22:07:56,927 - configstream.security.rules - ERROR - [-] - [rules.py:229] - Null byte detected in config
2026-02-02 22:07:56,928 - configstream.security.rules - WARNING - [-] - [rules.py:237] - Config too long: 10001 chars
2026-02-02 22:07:56,932 - configstream.security.utls_wrapper - INFO - [-] - [utls_wrapper.py:66] - Building uTLS client...
2026-02-02 22:07:56,935 - configstream.security.utls_wrapper - WARNING - [-] - [utls_wrapper.py:54] - Go not found. Cannot build uTLS client.
2026-02-02 22:07:56,947 - configstream.security.virus_total - WARNING - [-] - [virus_total.py:34] - VirusTotal scan skipped: api key not found
2026-02-02 22:08:01,185 - configstream.security.virus_total - ERROR - [-] - [virus_total.py:146] - VirusTotal API error: 429
2026-02-02 22:08:01,194 - configstream.security.virus_total - ERROR - [-] - [virus_total.py:149] - VirusTotal check failed: Network timeout
2026-02-02 22:08:05,266 - configstream.adapters - INFO - [-] - [adapters.py:173] - Loon export summary: 1 proxies, 0 chains
2026-02-02 22:08:05,268 - configstream.adapters - INFO - [-] - [adapters.py:243] - Quantumult X export summary: 1 proxies (Failures: 0)
2026-02-02 22:08:05,270 - configstream.adapters - INFO - [-] - [adapters.py:75] - Surge export summary: 1 proxies, 0 chains (Total Lines: 2, Failures: 0)
2026-02-02 22:08:05,273 - configstream.adapters - INFO - [-] - [adapters.py:75] - Surge export summary: 1 proxies, 0 chains (Total Lines: 2, Failures: 0)
2026-02-02 22:08:05,276 - configstream.adapters - INFO - [-] - [adapters.py:75] - Surge export summary: 1 proxies, 0 chains (Total Lines: 2, Failures: 0)
2026-02-02 22:08:05,278 - configstream.adapters - INFO - [-] - [adapters.py:75] - Surge export summary: 1 proxies, 0 chains (Total Lines: 2, Failures: 0)
2026-02-02 22:08:05,280 - configstream.adapters - INFO - [-] - [adapters.py:75] - Surge export summary: 1 proxies, 0 chains (Total Lines: 2, Failures: 0)
2026-02-02 22:08:05,282 - configstream.adapters - INFO - [-] - [adapters.py:75] - Surge export summary: 1 proxies, 0 chains (Total Lines: 2, Failures: 0)
2026-02-02 22:08:05,284 - configstream.adapters - INFO - [-] - [adapters.py:75] - Surge export summary: 1 proxies, 0 chains (Total Lines: 2, Failures: 0)
2026-02-02 22:08:05,286 - configstream.adapters - INFO - [-] - [adapters.py:75] - Surge export summary: 1 proxies, 0 chains (Total Lines: 2, Failures: 0)
2026-02-02 22:08:05,289 - configstream.adapters - INFO - [-] - [adapters.py:75] - Surge export summary: 0 proxies, 0 chains (Total Lines: 1, Failures: 0)
2026-02-02 22:08:05,291 - configstream.adapters - INFO - [-] - [adapters.py:75] - Surge export summary: 1 proxies, 0 chains (Total Lines: 2, Failures: 0)
2026-02-02 22:08:05,293 - configstream.adapters - INFO - [-] - [adapters.py:75] - Surge export summary: 1 proxies, 1 chains (Total Lines: 3, Failures: 0)
2026-02-02 22:08:05,297 - configstream.adapters - INFO - [-] - [adapters.py:75] - Surge export summary: 0 proxies, 0 chains (Total Lines: 1, Failures: 1)
2026-02-02 22:08:05,299 - configstream.adapters - INFO - [-] - [adapters.py:173] - Loon export summary: 1 proxies, 0 chains
2026-02-02 22:08:05,301 - configstream.adapters - INFO - [-] - [adapters.py:173] - Loon export summary: 1 proxies, 0 chains
2026-02-02 22:08:05,303 - configstream.adapters - INFO - [-] - [adapters.py:173] - Loon export summary: 1 proxies, 0 chains
2026-02-02 22:08:05,305 - configstream.adapters - INFO - [-] - [adapters.py:173] - Loon export summary: 1 proxies, 0 chains
2026-02-02 22:08:05,307 - configstream.adapters - INFO - [-] - [adapters.py:173] - Loon export summary: 0 proxies, 0 chains
2026-02-02 22:08:05,308 - configstream.adapters - INFO - [-] - [adapters.py:243] - Quantumult X export summary: 1 proxies (Failures: 0)
2026-02-02 22:08:05,310 - configstream.adapters - INFO - [-] - [adapters.py:243] - Quantumult X export summary: 1 proxies (Failures: 0)
2026-02-02 22:08:05,312 - configstream.adapters - INFO - [-] - [adapters.py:243] - Quantumult X export summary: 1 proxies (Failures: 0)
2026-02-02 22:08:05,314 - configstream.adapters - INFO - [-] - [adapters.py:617] - SIP008 export summary: 1 Shadowsocks servers
2026-02-02 22:08:05,316 - configstream.adapters - INFO - [-] - [adapters.py:617] - SIP008 export summary: 1 Shadowsocks servers
2026-02-02 22:08:05,318 - configstream.adapters - INFO - [-] - [adapters.py:617] - SIP008 export summary: 0 Shadowsocks servers
2026-02-02 22:08:05,320 - configstream.adapters - INFO - [-] - [adapters.py:617] - SIP008 export summary: 5 Shadowsocks servers
2026-02-02 22:08:05,322 - configstream.adapters - INFO - [-] - [adapters.py:374] - Shadowrocket export summary: 1 links (Reconstructed: 1)
2026-02-02 22:08:05,324 - configstream.adapters - INFO - [-] - [adapters.py:374] - Shadowrocket export summary: 1 links (Reconstructed: 1)
2026-02-02 22:08:05,326 - configstream.adapters - INFO - [-] - [adapters.py:374] - Shadowrocket export summary: 1 links (Reconstructed: 0)
2026-02-02 22:08:05,328 - configstream.adapters - INFO - [-] - [adapters.py:374] - Shadowrocket export summary: 1 links (Reconstructed: 0)
2026-02-02 22:08:05,330 - configstream.adapters - INFO - [-] - [adapters.py:374] - Shadowrocket export summary: 0 links (Reconstructed: 0)
2026-02-02 22:08:05,332 - configstream.adapters - INFO - [-] - [adapters.py:374] - Shadowrocket export summary: 0 links (Reconstructed: 0)
2026-02-02 22:08:05,334 - configstream.adapters - INFO - [-] - [adapters.py:374] - Shadowrocket export summary: 1 links (Reconstructed: 0)
2026-02-02 22:08:05,345 - configstream.adapters - INFO - [-] - [adapters.py:75] - Surge export summary: 0 proxies, 0 chains (Total Lines: 1, Failures: 0)
2026-02-02 22:08:05,346 - configstream.adapters - INFO - [-] - [adapters.py:173] - Loon export summary: 0 proxies, 0 chains
2026-02-02 22:08:05,347 - configstream.adapters - INFO - [-] - [adapters.py:243] - Quantumult X export summary: 0 proxies (Failures: 0)
2026-02-02 22:08:05,348 - configstream.adapters - INFO - [-] - [adapters.py:617] - SIP008 export summary: 0 Shadowsocks servers
2026-02-02 22:08:05,349 - configstream.adapters - INFO - [-] - [adapters.py:374] - Shadowrocket export summary: 0 links (Reconstructed: 0)
2026-02-02 22:08:05,351 - configstream.adapters - INFO - [-] - [adapters.py:75] - Surge export summary: 1 proxies, 0 chains (Total Lines: 2, Failures: 0)
2026-02-02 22:08:05,352 - configstream.adapters - INFO - [-] - [adapters.py:173] - Loon export summary: 0 proxies, 0 chains
2026-02-02 22:08:05,353 - configstream.adapters - INFO - [-] - [adapters.py:243] - Quantumult X export summary: 0 proxies (Failures: 0)
2026-02-02 22:08:05,353 - configstream.adapters - INFO - [-] - [adapters.py:617] - SIP008 export summary: 0 Shadowsocks servers
2026-02-02 22:08:05,354 - configstream.adapters - INFO - [-] - [adapters.py:374] - Shadowrocket export summary: 1 links (Reconstructed: 0)
2026-02-02 22:08:05,356 - configstream.adapters - INFO - [-] - [adapters.py:75] - Surge export summary: 1 proxies, 0 chains (Total Lines: 2, Failures: 0)
2026-02-02 22:08:05,360 - configstream.adapters - INFO - [-] - [adapters.py:75] - Surge export summary: 3 proxies, 0 chains (Total Lines: 4, Failures: 0)
2026-02-02 22:08:05,362 - configstream.adapters - INFO - [-] - [adapters.py:243] - Quantumult X export summary: 3 proxies (Failures: 0)
2026-02-02 22:08:05,364 - configstream.adapters - INFO - [-] - [adapters.py:173] - Loon export summary: 3 proxies, 0 chains
2026-02-02 22:08:05,366 - configstream.adapters - INFO - [-] - [adapters.py:374] - Shadowrocket export summary: 3 links (Reconstructed: 0)
2026-02-02 22:08:05,368 - configstream.adapters - INFO - [-] - [adapters.py:617] - SIP008 export summary: 1 Shadowsocks servers
2026-02-02 22:08:05,370 - configstream.adapters - INFO - [-] - [adapters.py:75] - Surge export summary: 3 proxies, 0 chains (Total Lines: 4, Failures: 0)
2026-02-02 22:08:05,373 - configstream.adapters - INFO - [-] - [adapters.py:75] - Surge export summary: 2 proxies, 0 chains (Total Lines: 3, Failures: 0)
2026-02-02 22:08:05,375 - configstream.adapters - INFO - [-] - [adapters.py:173] - Loon export summary: 2 proxies, 0 chains
2026-02-02 22:08:05,377 - configstream.adapters - INFO - [-] - [adapters.py:243] - Quantumult X export summary: 2 proxies (Failures: 0)
2026-02-02 22:08:05,379 - configstream.adapters - INFO - [-] - [adapters.py:374] - Shadowrocket export summary: 2 links (Reconstructed: 0)
2026-02-02 22:08:05,381 - configstream.adapters - INFO - [-] - [adapters.py:617] - SIP008 export summary: 1 Shadowsocks servers
2026-02-02 22:08:05,385 - configstream.adapters - INFO - [-] - [adapters.py:374] - Shadowrocket export summary: 2 links (Reconstructed: 0)
2026-02-02 22:08:05,465 - configstream.adaptive_timeout - WARNING - [-] - [adaptive_timeout.py:156] - Failed to save timeout history: Fail
2026-02-02 22:08:05,472 - configstream.adaptive_workers - INFO - [-] - [adaptive_workers.py:53] - Auto-calculated optimal workers: 60
2026-02-02 22:08:05,566 - configstream.anomaly - WARNING - [-] - [anomaly.py:227] - Subnet Flood detected: 1.2.3.0/24 accounts for 95/100 proxies.
2026-02-02 22:08:05,584 - configstream.anomaly - INFO - [-] - [anomaly.py:327] - Merged anomaly stats from /tmp/pytest-of-jules/pytest-1/test_merge_from0/other.db
2026-02-02 22:08:05,634 - configstream.anomaly - WARNING - [-] - [anomaly.py:90] - Anomaly DB connection lost (DB Execution Error), reconnecting...
2026-02-02 22:08:05,639 - configstream.anomaly - ERROR - [-] - [anomaly.py:186] - Anomaly DB error for http://test: Reconnection Failed - allowing source (fail-open behaviour)
2026-02-02 22:08:05,659 - configstream.async_file_ops - WARNING - [-] - [async_file_ops.py:57] - Failed to read /tmp/pytest-of-jules/pytest-1/test_read_multiple_files_async0/missing.txt: File not found: /tmp/pytest-of-jules/pytest-1/test_read_multiple_files_async0/missing.txt
2026-02-02 22:08:05,687 - configstream.backup - INFO - [-] - [backup.py:120] - Backed up test.db -> test_20260202_220805.db.gz (0.00 MB)
2026-02-02 22:08:05,688 - configstream.backup - INFO - [-] - [backup.py:141] - Backup complete: 1 databases backed up
2026-02-02 22:08:05,705 - configstream.backup - INFO - [-] - [backup.py:120] - Backed up test.db -> test_20260202_220805.db.gz (0.00 MB)
2026-02-02 22:08:05,706 - configstream.backup - INFO - [-] - [backup.py:141] - Backup complete: 1 databases backed up
2026-02-02 22:08:05,710 - configstream.backup - WARNING - [-] - [backup.py:53] - No database files found in /tmp/pytest-of-jules/pytest-1/test_backup_databases_no_files0/data
2026-02-02 22:08:05,716 - configstream.backup - INFO - [-] - [backup.py:222] - Cleaned up 2 old backup files (smart retention)
2026-02-02 22:08:05,730 - configstream.backup - INFO - [-] - [backup.py:249] - Created pre-restore backup: target.pre_restore_20260202_220805.db
2026-02-02 22:08:05,732 - configstream.backup - INFO - [-] - [backup.py:263] - Restored target.db from backup.db
2026-02-02 22:08:05,736 - configstream.backup - ERROR - [-] - [backup.py:239] - Backup file does not exist: /tmp/pytest-of-jules/pytest-1/test_restore_missing_backup0/backups/missing.db
2026-02-02 22:08:05,764 - configstream.backup - ERROR - [-] - [backup.py:133] - Failed to backup /tmp/pytest-of-jules/pytest-1/test_sqlite_backup_fail0/data/fail.db: Connect Fail
2026-02-02 22:08:05,765 - configstream.backup - INFO - [-] - [backup.py:141] - Backup complete: 0 databases backed up
2026-02-02 22:08:05,785 - configstream.bot_cli - ERROR - [-] - [bot_cli.py:81] - Error generating WARP: Fail
2026-02-02 22:08:07,421 - configstream.dns_batch_resolver - INFO - [-] - [dns_batch_resolver.py:72] - Batch DNS: Resolved 2 of 2 hostnames.
2026-02-02 22:08:07,425 - configstream.dns_batch_resolver - INFO - [-] - [dns_batch_resolver.py:72] - Batch DNS: Resolved 0 of 0 hostnames.
2026-02-02 22:08:07,430 - configstream.dns_batch_resolver - INFO - [-] - [dns_batch_resolver.py:72] - Batch DNS: Resolved 0 of 1 hostnames.
2026-02-02 22:08:10,593 - configstream.fetcher_core.batch - INFO - [-] - [batch.py:51] - Pre-warming DNS for 1 sources...
2026-02-02 22:08:10,655 - configstream.fetcher_core.batch - INFO - [-] - [batch.py:56] - DNS pre-warming completed in 0.06s.
2026-02-02 22:08:10,657 - configstream.fetcher_core.batch - INFO - [-] - [batch.py:79] - Starting parallel fetch for 1 sources (max_concurrent=1)
2026-02-02 22:08:10,725 - configstream.fetcher_core.batch - INFO - [-] - [batch.py:101] - Batch fetch completed in 0.07s
2026-02-02 22:08:10,727 - configstream.fetcher_core.batch - INFO - [-] - [batch.py:111] - Fetch Summary: 1/1 sources successful. Total data fetched: 0.00 KB
2026-02-02 22:08:10,740 - configstream.fetcher_core.batch - INFO - [-] - [batch.py:51] - Pre-warming DNS for 1 sources...
2026-02-02 22:08:10,741 - configstream.fetcher_core.batch - INFO - [-] - [batch.py:56] - DNS pre-warming completed in 0.00s.
2026-02-02 22:08:10,742 - configstream.fetcher_core.batch - INFO - [-] - [batch.py:79] - Starting parallel fetch for 1 sources (max_concurrent=10)
2026-02-02 22:08:10,745 - configstream.fetcher_core.batch - INFO - [-] - [batch.py:101] - Batch fetch completed in 0.00s
2026-02-02 22:08:10,746 - configstream.fetcher_core.batch - INFO - [-] - [batch.py:111] - Fetch Summary: 1/1 sources successful. Total data fetched: 0.00 KB
2026-02-02 22:08:11,695 - configstream.filtering - INFO - [-] - [filtering.py:202] - Endpoint filtering: 3 -> 2 (1 duplicate endpoints removed)
2026-02-02 22:08:11,719 - configstream.filtering - INFO - [-] - [filtering.py:109] - Deduplication: 3 -> 2 (1 duplicates removed)
2026-02-02 22:08:11,728 - configstream.filtering - INFO - [-] - [filtering.py:109] - Deduplication: 2 -> 1 (1 duplicates removed)
2026-02-02 22:08:11,738 - configstream.filtering - INFO - [-] - [filtering.py:202] - Endpoint filtering: 2 -> 1 (1 duplicate endpoints removed)
2026-02-02 22:08:11,757 - configstream.geoip - INFO - [-] - [geoip.py:81] - GeoIP C extension (MMAP_EXT) available - lock-free lookups enabled
2026-02-02 22:08:11,758 - configstream.geoip - INFO - [-] - [geoip.py:101] - Loaded GeoLite2 City database.
2026-02-02 22:08:11,759 - configstream.geoip - ERROR - [-] - [geoip.py:124] - I/O error loading GeoIP databases: [Errno 2] No such file or directory: 'data/GeoLite2-City.mmdb'
2026-02-02 22:08:11,771 - configstream.geoip - INFO - [-] - [geoip.py:81] - GeoIP C extension (MMAP_EXT) available - lock-free lookups enabled
2026-02-02 22:08:11,773 - configstream.geoip - INFO - [-] - [geoip.py:101] - Loaded GeoLite2 City database.
2026-02-02 22:08:11,774 - configstream.geoip - ERROR - [-] - [geoip.py:124] - I/O error loading GeoIP databases: [Errno 2] No such file or directory: 'data/GeoLite2-City.mmdb'
2026-02-02 22:08:11,787 - configstream.geoip - INFO - [-] - [geoip.py:81] - GeoIP C extension (MMAP_EXT) available - lock-free lookups enabled
2026-02-02 22:08:11,788 - configstream.geoip - INFO - [-] - [geoip.py:101] - Loaded GeoLite2 City database.
2026-02-02 22:08:11,789 - configstream.geoip - ERROR - [-] - [geoip.py:124] - I/O error loading GeoIP databases: [Errno 2] No such file or directory: 'data/GeoLite2-City.mmdb'
2026-02-02 22:08:11,827 - configstream.testers.go - INFO - [-] - [go.py:269] - Starting Go Tester Daemon: /bin/true -workers 20 -timeout 10s -urls https://www.google.com/generate_204,https://www.cloudflare.com/cdn-cgi/trace,https://www.gstatic.com/generate_204,http://detectportal.firefox.com/success.txt,https://httpbin.org/status/200,https://www.amazon.com/robots.txt,https://www.microsoft.com/robots.txt,https://www.apple.com/robots.txt
2026-02-02 22:08:11,839 - configstream.testers.go - INFO - [-] - [go.py:651] - Go Tester results (Batch): 2/2 working. Failures: None
2026-02-02 22:08:11,943 - configstream.testers.go - INFO - [-] - [go.py:244] - Go Batch Tester shutdown complete.
2026-02-02 22:08:13,128 - configstream.security.honeypot - WARNING - [-] - [honeypot.py:42] - Passive Intel: Host malicious.ip flagged as malicious by VirusTotal.
2026-02-02 22:08:13,143 - configstream.security.honeypot - WARNING - [-] - [honeypot.py:42] - Passive Intel: Host bad.actor.ip flagged as malicious by VirusTotal.
2026-02-02 22:08:13,147 - configstream.security.honeypot - WARNING - [-] - [honeypot.py:42] - Passive Intel: Host suspicious.ip flagged as malicious by VirusTotal.
2026-02-02 22:08:13,153 - configstream.security.honeypot - ERROR - [-] - [honeypot.py:49] - Honeypot check failed for error.ip: API Error
2026-02-02 22:08:13,157 - configstream.security.honeypot - ERROR - [-] - [honeypot.py:49] - Honeypot check failed for timeout.ip: Request timed out
2026-02-02 22:08:13,161 - configstream.security.honeypot - ERROR - [-] - [honeypot.py:49] - Honeypot check failed for network.error.ip: Network unreachable
2026-02-02 22:08:13,175 - configstream.security.honeypot - ERROR - [-] - [honeypot.py:49] - Honeypot check failed for null.ip: 'NoneType' object has no attribute 'get'
2026-02-02 22:08:13,179 - configstream.security.honeypot - ERROR - [-] - [honeypot.py:49] - Honeypot check failed for string.response.ip: 'str' object has no attribute 'get'
2026-02-02 22:08:13,247 - configstream.adapters - INFO - [-] - [adapters.py:75] - Surge export summary: 1 proxies, 1 chains (Total Lines: 3, Failures: 0)
2026-02-02 22:08:13,250 - configstream.adapters - INFO - [-] - [adapters.py:173] - Loon export summary: 1 proxies, 1 chains
2026-02-02 22:08:13,296 - configstream.intelligent_fallback - INFO - [-] - [intelligent_fallback.py:92] - Successfully saved 150 proxies for fallback use.
2026-02-02 22:08:13,301 - configstream.intelligent_fallback - INFO - [-] - [intelligent_fallback.py:124] - Loaded 1 fallback proxies from 2023-01-01T00:00:00Z
2026-02-02 22:08:13,304 - configstream.intelligent_fallback - WARNING - [-] - [intelligent_fallback.py:104] - No fallback data available
2026-02-02 22:08:13,309 - configstream.intelligent_fallback - ERROR - [-] - [intelligent_fallback.py:130] - Failed to load fallback data: Expecting value: line 1 column 1 (char 0)
2026-02-02 22:08:13,318 - configstream.converters.singbox - WARNING - [-] - [singbox.py:45] - Conversion failed: invalid port 99999 for example.com
2026-02-02 22:08:13,323 - configstream.converters.singbox - DEBUG - [-] - [singbox.py:309] - Generated unique local IP 172.16.44.112/32 for WireGuard proxy (redacted)
2026-02-02 22:08:13,324 - configstream.converters.singbox - DEBUG - [-] - [singbox.py:431] - Successfully converted wireguard proxy (Tag: wireguard--e13a10e3) (Source: unknown)
